LA QUIACA OBSERVATORIO,Temperatura (°C),13,2,13,12,8,11,3,7,3,4,8,4,5,7,10,12,4,13,4,13,9,,,
LA QUIACA OBSERVATORIO,Temperatura máxima (°C),20,6,20,4,20,6,20,3,17,8,16,3,16,1,18,20,21,7,22,5,22,2,,
LA QUIACA OBSERVATORIO,Temperatura mínima (°C),7,7,7,6,6,6,3,1,-2,5,-5,7,-6,2,-4,0,4,3,3,5,5,7,3,
LA QUIACA OBSERVATORIO,Humedad relativa (%),62,6,63,2,60,3,46,32,6,27,4,25,7,26,7,32,1,42,4,48,6,55,8,
LA QUIACA OBSERVATORIO,Velocidad del Viento (km/h) (2011-2020),6,5,6,8,6,7,5,5,4,8,5,5,5,9,6,7,7,9,7,9,7,7,7,1
LA QUIACA OBSERVATORIO,Nubosidad total (octavos),4,9,4,7,3,7,2,3,1,6,1,4,1,3,1,3,1,8,2,6,3,1,4,1
LA QUIACA OBSERVATORIO,Precipitación (mm),101,9,67,9,48,1,6,8,1,1,0,0,1,2,3,9,14,4,22,2,63,2,,
LA QUIACA OBSERVATORIO,Frecuencia de días con Precipitación superior a 1.0 mm,11,5,9,2,6,8,1,4,0,2,0,0,0,2,0,6,2,3,3,8,8,6,,
ORÁN,Temperatura (°C),26,4,25,4,23,9,21,3,18,1,15,6,14,9,17,6,21,24,5,25,5,26,4,
ORÁN,Temperatura máxima (°C),32,8,31,4,29,4,26,5,23,4,21,6,22,4,26,2,29,4,31,8,32,4,33,2
ORÁN,Temperatura mínima (°C),21,6,21,2,20,3,17,9,14,5,11,3,9,6,11,1,14,2,18,4,19,7,21,2
ORÁN,Humedad relativa (%),76,5,79,3,82,8,84,3,83,6,81,73,8,63,3,55,7,61,1,66,7,71,5,
ORÁN,Velocidad del Viento (km/h) (2011-2020),S/D,S/D,S/D,S/D,S/D,S/D,S/D,S/D,S/D,S/D,S/D,S/D,,,,,,,,,,,,
ORÁN,Nubosidad total (octavos),5,2,5,4,5,7,5,7,5,6,5,4,3,2,3,7,4,8,5,5,1,,,
ORÁN,Precipitación (mm),198,4,185,9,157,8,59,5,22,6,7,1,3,3,5,16,3,58,9,97,3,157,3,
ORÁN,Frecuencia de días con Precipitación superior a 1.0 mm,10,5,10,1,10,7,7,8,3,8,1,4,1,0,7,1,7,5,6,9,9,4,,
TARTAGAL,Temperatura (°C),26,24,9,23,5,20,9,17,7,15,4,14,8,17,9,21,1,24,4,25,2,26,,
TARTAGAL,Temperatura máxima (°C),32,3,31,29,26,1,23,21,5,22,1,26,28,9,31,4,31,9,32,5,,,,
TARTAGAL,Temperatura mínima (°C),20,8,20,3,19,5,17,1,13,6,11,1,9,3,10,9,14,1,18,19,1,20,4,
TARTAGAL,Humedad relativa (%),73,8,78,4,82,82,4,81,8,78,9,69,5,56,1,50,6,57,63,5,69,8,,
TARTAGAL,Velocidad del Viento (km/h) (2011-2020),8,7,5,6,6,6,5,6,3,6,8,7,3,9,3,10,1,10,7,9,8,8,7,
TARTAGAL,Nubosidad total (octavos),4,9,5,S/D,5,3,5,3,4,8,3,8,2,9,3,5,4,5,4,7,4,9,,
TARTAGAL,Precipitación (mm),193,2,197,8,164,5,59,3,24,4,8,7,4,3,8,17,9,46,3,112,2,165,,
TARTAGAL,Frecuencia de días con Precipitación superior a 1.0 mm,9,6,9,8,9,9,7,2,4,4,2,2,1,2,0,7,1,7,4,5,7,3,9,
JUJUY,Temperatura (°C),23,8,22,7,21,3,18,5,15,1,12,5,11,9,15,1,18,4,21,9,23,1,24,
JUJUY,Temperatura máxima (°C),30,3,28,8,27,1,24,3,21,3,19,9,20,1,23,6,26,4,29,30,30,7,,
JUJUY,Temperatura mínima (°C),18,5,17,9,17,14,1,10,4,7,3,6,8,2,11,15,1,16,7,18,1,,,
JUJUY,Humedad relativa (%),73,2,77,5,81,1,81,5,79,3,75,9,67,1,55,7,50,55,7,60,7,67,3,
JUJUY,Velocidad del Viento (km/h) (2011-2020),8,7,8,3,7,9,7,8,7,3,8,2,9,1,11,3,10,8,10,4,10,4,8,9
JUJUY,Nubosidad total (octavos),5,2,5,3,5,4,5,2,4,8,4,1,3,3,2,8,3,3,4,2,4,5,4,8
JUJUY,Precipitación (mm),147,6,154,131,8,51,7,13,6,4,3,2,8,2,1,5,1,28,8,56,1,122,5,
JUJUY,Frecuencia de días con Precipitación superior a 1.0 mm,11,3,10,4,10,9,6,5,2,5,1,1,0,5,0,5,1,1,3,6,5,8,9,2
JUJUY U N,Temperatura (°C),21,1,20,2,19,1,16,6,13,4,11,1,10,2,13,15,7,19,20,2,21,3,,
JUJUY U N,Temperatura máxima (°C),27,3,26,2,24,8,22,4,19,6,18,6,18,6,21,7,24,26,4,27,1,27,7,
JUJUY U N,Temperatura mínima (°C),16,7,16,2,15,5,12,7,9,1,5,9,4,5,6,4,9,1,12,9,14,6,16,2
JUJUY U N,Humedad relativa (%),80,7,83,7,84,9,84,7,83,79,3,74,1,65,3,62,6,67,71,1,77,,,
JUJUY U N,Velocidad del Viento (km/h) (2011-2020),4,2,4,4,4,4,4,5,4,4,4,5,4,4,4,9,5,5,1,4,9,4,6,
JUJUY U N,Nubosidad total (octavos),5,8,5,8,5,8,5,4,5,4,1,3,5,3,3,4,4,6,4,9,5,3,,
JUJUY U N,Precipitación (mm),191,5,188,166,5,62,20,9,9,5,7,1,5,9,9,4,40,8,97,5,152,1,,
JUJUY U N,Frecuencia de días con Precipitación superior a 1.0 mm,13,8,13,5,13,3,7,6,4,5,2,8,2,3,1,7,2,5,5,5,9,11,8,
SALTA,Temperatura (°C),21,5,20,6,19,4,16,8,13,3,10,9,10,1,12,8,15,8,19,3,20,6,21,7
SALTA,Temperatura máxima (°C),27,7,26,5,25,1,22,9,20,3,19,8,19,9,22,7,24,7,26,9,27,6,28,4
SALTA,Temperatura mínima (°C),16,8,16,1,15,2,12,2,8,1,4,5,2,9,4,8,7,7,12,1,14,2,16,
SALTA,Humedad relativa (%),77,2,80,6,82,9,82,3,80,5,75,6,69,3,60,4,55,8,60,6,66,1,71,5
SALTA,Velocidad del Viento (km/h) (2011-2020),6,8,6,4,6,1,6,5,8,6,1,6,5,6,9,7,9,9,8,6,7,6,,
SALTA,Nubosidad total (octavos),5,8,5,8,5,8,5,4,5,4,2,3,4,2,9,3,3,4,4,4,8,5,3,
SALTA,Precipitación (mm),197,1,147,3,107,3,42,1,9,7,2,5,2,7,2,3,5,7,23,9,59,3,138,4
SALTA,Frecuencia de días con Precipitación superior a 1.0 mm,12,4,11,2,10,1,4,4,1,7,0,5,0,8,0,7,1,2,3,3,6,6,10,1
LAS LOMITAS,Temperatura (°C),28,3,27,25,7,22,7,18,9,17,2,16,6,19,3,21,8,24,9,25,9,27,6,
LAS LOMITAS,Temperatura máxima (°C),35,5,34,32,7,29,2,25,2,23,8,24,2,27,6,29,9,32,3,33,2,34,6,
LAS LOMITAS,Temperatura mínima (°C),22,1,21,5,20,3,17,8,14,1,12,5,10,8,12,6,15,18,6,19,6,21,3,
LAS LOMITAS,Humedad relativa (%),67,9,71,7,74,1,77,4,80,78,5,70,8,61,5,59,2,63,2,66,68,1,,
LAS LOMITAS,Velocidad del Viento (km/h) (2011-2020),5,4,5,2,4,7,4,6,4,5,4,8,5,2,6,3,6,1,6,6,5,7,5,4
LAS LOMITAS,Nubosidad total (octavos),3,9,3,9,3,7,4,1,4,3,4,5,3,6,3,3,3,3,8,3,6,3,8,
LAS LOMITAS,Precipitación (mm),130,3,121,4,156,4,95,4,65,4,16,9,15,6,11,9,26,3,70,3,128,129,3,
LAS LOMITAS,Frecuencia de días con Precipitación superior a 1.0 mm,6,7,7,7,5,6,4,4,9,3,1,2,2,1,4,2,7,5,6,7,4,6,9,
IGUAZÚ,Temperatura (°C),25,8,25,2,24,3,21,6,17,8,16,5,15,9,17,9,19,9,22,4,23,7,25,2
IGUAZÚ,Temperatura máxima (°C),32,31,5,30,6,27,8,23,5,22,2,22,5,25,2,26,8,28,7,30,1,31,3,
IGUAZÚ,Temperatura mínima (°C),20,7,20,4,19,4,16,9,13,4,12,2,11,12,3,14,3,17,17,9,19,8,,
IGUAZÚ,Humedad relativa (%),79,80,5,80,9,83,8,87,5,88,6,85,78,9,77,78,8,75,8,77,9,,,
IGUAZÚ,Velocidad del Viento (km/h) (2011-2020),9,1,9,8,4,8,7,8,9,9,5,10,1,11,1,10,9,10,8,10,1,9,7,
IGUAZÚ,Nubosidad total (octavos),3,9,4,3,4,3,2,3,6,3,8,3,5,3,2,3,8,4,1,3,5,3,8,
IGUAZÚ,Precipitación (mm),180,1,149,9,153,3,161,1,185,5,145,5,107,83,7,155,3,247,172,3,219,,,
IGUAZÚ,Frecuencia de días con Precipitación superior a 1.0 mm,9,3,8,9,8,7,4,7,8,7,7,7,1,5,9,8,3,11,4,8,4,9,6,
TUCUMÁN,Temperatura (°C),25,3,24,2,22,7,19,6,15,9,13,12,3,15,2,18,4,21,8,23,7,25,1,
TUCUMÁN,Temperatura máxima (°C),31,3,29,7,27,9,24,9,21,4,19,19,4,23,3,26,3,28,9,30,3,31,3,
TUCUMÁN,Temperatura mínima (°C),20,3,19,7,18,5,15,5,11,8,8,5,6,9,8,7,11,5,15,4,17,7,19,5
TUCUMÁN,Humedad relativa (%),65,2,68,9,72,8,75,3,74,9,72,7,62,9,52,2,49,2,54,7,57,3,61,3
TUCUMÁN,Velocidad del Viento (km/h) (2011-2020),9,2,8,6,7,7,7,7,7,6,8,7,5,8,8,10,10,6,10,7,10,,,
TUCUMÁN,Nubosidad total (octavos),4,4,1,4,2,4,4,4,3,4,2,3,2,2,6,3,1,3,8,3,7,3,9,
TUCUMÁN,Precipitación (mm),139,3,106,5,94,3,39,9,16,9,3,1,6,3,5,10,55,2,71,8,105,,,
TUCUMÁN,Frecuencia de días con Precipitación superior a 1.0 mm,7,8,7,7,2,5,3,2,2,0,8,0,5,1,6,4,8,5,7,7,6,,,
SANTIAGO DEL ESTERO,Temperatura (°C),27,25,8,23,8,20,1,16,2,12,9,12,1,15,4,19,1,22,8,25,26,7,,
SANTIAGO DEL ESTERO,Temperatura máxima (°C),34,2,32,7,30,5,26,7,23,1,20,4,20,9,24,8,27,6,30,6,32,5,34,1
SANTIAGO DEL ESTERO,Temperatura mínima (°C),20,7,20,18,5,14,9,10,7,7,1,4,9,7,2,10,8,15,6,18,1,20,2,
SANTIAGO DEL ESTERO,Humedad relativa (%),65,2,68,9,72,8,75,3,74,9,72,7,62,9,52,2,49,2,54,7,57,3,61,3
SANTIAGO DEL ESTERO,Velocidad del Viento (km/h) (2011-2020),9,2,8,6,7,7,7,7,7,6,8,7,5,8,8,10,10,6,10,7,10,,,
SANTIAGO DEL ESTERO,Nubosidad total (octavos),4,4,1,4,2,4,4,4,3,4,2,3,2,2,6,3,1,3,8,3,7,3,9,
SANTIAGO DEL ESTERO,Precipitación (mm),139,3,106,5,94,3,39,9,16,9,3,1,6,3,5,10,55,2,71,8,105,,,
SANTIAGO DEL ESTERO,Frecuencia de días con Precipitación superior a 1.0 mm,7,8,7,7,2,5,3,2,2,0,8,0,5,1,6,4,8,5,7,7,6,,,
PRESIDENCIA ROQUE SAENZ PEÑA,Temperatura (°C),27,1,26,3,24,4,21,1,17,15,4,14,3,17,19,7,23,24,3,26,2,,,
PRESIDENCIA ROQUE SAENZ PEÑA,Temperatura máxima (°C),33,8,33,31,3,27,7,23,8,22,1,22,3,25,7,27,8,30,31,4,33,,,
PRESIDENCIA ROQUE SAENZ PEÑA,Temperatura mínima (°C),S/D,S/D,S/D,S/D,S/D,S/D,S/D,S/D,S/D,S/D,S/D,S/D,,,,,,,,,,,,
PRESIDENCIA ROQUE SAENZ PEÑA,Humedad relativa (%),71,1,73,3,77,1,81,1,81,3,80,7,73,8,64,8,62,5,67,3,68,5,69,4
PRESIDENCIA ROQUE SAENZ PEÑA,Velocidad del Viento (km/h) (2011-2020),S/D,S/D,S/D,S/D,S/D,S/D,S/D,S/D,S/D,S/D,S/D,S/D,,,,,,,,,,,,
PRESIDENCIA ROQUE SAENZ PEÑA,Nubosidad total (octavos),3,6,3,6,3,5,3,9,4,4,5,3,6,2,8,3,3,3,7,3,3,3,5,
PRESIDENCIA ROQUE SAENZ PEÑA,Precipitación (mm),164,3,115,8,137,117,6,48,8,23,4,12,8,24,8,31,2,98,3,125,3,133,6,
PRESIDENCIA ROQUE SAENZ PEÑA,Frecuencia de días con Precipitación superior a 1.0 mm,7,6,6,5,7,3,6,6,4,6,3,2,2,5,3,4,7,1,6,9,7,,,
RESISTENCIA,Temperatura (°C),26,9,26,1,24,5,21,4,17,7,15,8,14,8,16,9,19,2,22,2,23,8,26,
RESISTENCIA,Temperatura máxima (°C),33,4,32,3,30,7,27,4,23,7,21,7,21,6,24,4,26,2,28,5,30,1,32,2
RESISTENCIA,Temperatura mínima (°C),21,2,20,8,19,4,16,4,12,8,11,1,9,4,10,7,12,9,16,5,17,7,20,1
RESISTENCIA,Humedad relativa (%),71,5,74,1,76,7,80,82,2,81,9,76,6,70,5,68,8,71,9,71,2,71,4,
RESISTENCIA,Velocidad del Viento (km/h) (2011-2020),S/D,S/D,S/D,S/D,S/D,S/D,S/D,S/D,S/D,S/D,S/D,S/D,,,,,,,,,,,,
RESISTENCIA,Nubosidad total (octavos),3,7,3,7,3,6,3,8,4,4,4,3,8,3,4,3,7,4,3,4,3,7,,
RESISTENCIA,Precipitación (mm),179,9,156,8,161,165,1,86,7,59,9,24,4,35,3,53,6,138,2,175,5,156,7,
RESISTENCIA,Frecuencia de días con Precipitación superior a 1.0 mm,7,3,7,3,6,9,6,7,5,2,4,2,7,2,9,4,9,7,8,8,7,8,,
FORMOSA,Temperatura (°C),27,7,26,9,25,6,22,7,19,17,3,16,4,18,3,20,4,23,4,24,8,26,9,
FORMOSA,Temperatura máxima (°C),34,1,33,31,7,28,6,24,5,22,8,22,7,25,4,27,2,29,5,30,9,33,,
FORMOSA,Temperatura mínima (°C),22,5,22,20,6,18,14,6,13,1,11,5,12,7,14,7,18,2,19,2,21,4,,
FORMOSA,Humedad relativa (%),71,5,74,2,76,4,78,9,81,2,81,76,4,70,3,69,3,72,4,71,1,71,4,
FORMOSA,Velocidad del Viento (km/h) (2011-2020),12,4,11,5,10,8,10,5,11,2,12,2,12,1,14,8,14,3,15,4,13,7,12,9
FORMOSA,Nubosidad total (octavos),4,4,3,7,3,8,4,1,4,5,4,3,5,3,8,4,2,3,7,3,9,,,
FORMOSA,Precipitación (mm),163,5,135,6,138,2,159,6,110,1,60,3,41,34,8,74,8,150,3,159,9,178,4,
FORMOSA,Frecuencia de días con Precipitación superior a 1.0 mm,7,6,7,4,6,8,6,9,6,4,7,3,4,3,6,5,7,8,3,7,8,7,8,
BERNARDO DE IRIGOYEN,Temperatura (°C),22,9,22,6,21,7,19,6,16,2,15,2,14,9,16,9,18,19,8,21,22,5,,
BERNARDO DE IRIGOYEN,Temperatura máxima (°C),28,1,27,6,26,9,24,4,20,6,19,3,19,6,22,1,23,3,25,26,3,27,5,
BERNARDO DE IRIGOYEN,Temperatura mínima (°C),19,18,8,17,9,15,9,12,9,11,9,11,2,12,8,13,8,15,6,16,5,18,3,
BERNARDO DE IRIGOYEN,Humedad relativa (%),77,6,78,6,77,9,77,7,79,79,8,74,5,67,4,70,4,75,3,72,1,75,2,
BERNARDO DE IRIGOYEN,Velocidad del Viento (km/h) (2011-2020),S/D,S/D,S/D,S/D,S/D,S/D,S/D,S/D,S/D,S/D,S/D,S/D,,,,,,,,,,,,
BERNARDO DE IRIGOYEN,Nubosidad total (octavos),5,3,5,2,4,8,4,5,4,7,4,8,4,4,4,4,4,5,4,7,5,1,,
BERNARDO DE IRIGOYEN,Precipitación (mm),207,1,189,1,181,173,9,196,1,185,5,135,2,106,4,198,1,277,9,194,8,204,5,
BERNARDO DE IRIGOYEN,Frecuencia de días con Precipitación superior a 1.0 mm,11,9,11,10,1,7,7,8,6,8,6,7,8,6,5,9,1,12,8,9,11,,,
CORRIENTES,Temperatura (°C),26,9,26,1,24,5,21,6,18,16,1,15,2,17,1,19,1,22,1,23,8,26,,
CORRIENTES,Temperatura máxima (°C),33,32,30,5,27,3,23,4,21,4,21,2,23,8,25,8,28,1,29,7,31,9,,
CORRIENTES,Temperatura mínima (°C),21,6,21,1,19,7,17,2,13,7,12,10,4,11,6,13,6,16,8,18,20,5,,
CORRIENTES,Humedad relativa (%),71,6,74,1,76,6,78,8,80,3,80,4,75,2,70,68,5,72,1,70,7,71,2,
CORRIENTES,Velocidad del Viento (km/h) (2011-2020),11,6,11,4,11,2,10,3,10,7,10,7,11,2,13,7,13,8,14,5,13,12,2,
CORRIENTES,Nubosidad total (octavos),3,5,3,6,3,3,3,6,3,9,4,3,3,7,3,2,3,6,3,8,3,2,3,5
CORRIENTES,Precipitación (mm),179,5,152,2,155,2,170,8,87,8,65,3,32,2,40,3,60,3,153,8,184,8,172,9
CORRIENTES,Frecuencia de días con Precipitación superior a 1.0 mm,7,6,7,3,7,1,7,2,5,5,4,5,3,6,3,1,5,2,8,3,8,1,7,6
POSADAS,Temperatura (°C),27,2,26,5,25,1,22,3,18,6,17,1,16,3,18,2,20,22,6,24,4,26,5,
POSADAS,Temperatura máxima (°C),33,32,4,31,28,23,9,22,2,22,24,5,25,9,28,5,30,4,32,3,,,,
POSADAS,Temperatura mínima (°C),22,1,21,7,20,4,17,7,14,4,13,1,11,8,13,3,15,17,6,18,9,21,1,
POSADAS,Humedad relativa (%),68,1,70,4,71,9,74,4,77,3,77,5,73,9,68,3,67,9,69,6,65,4,66,3
POSADAS,Velocidad del Viento (km/h) (2011-2020),9,8,9,7,9,3,9,9,1,9,8,10,11,5,11,4,12,2,11,2,10,4,,
POSADAS,Nubosidad total (octavos),3,4,3,6,3,3,3,3,3,7,4,3,5,3,4,3,6,3,8,3,2,3,4,
POSADAS,Precipitación (mm),168,7,136,9,171,179,138,4,128,6,94,1,87,1,132,8,253,4,178,8,204,4,,
POSADAS,Frecuencia de días con Precipitación superior a 1.0 mm,8,1,7,8,7,8,7,6,7,5,6,6,6,7,5,6,8,1,10,4,8,8,1,
OBERÁ,Temperatura (°C),S/D,S/D,23,3,20,7,16,9,15,7,S/D,S/D,18,8,21,1,22,9,24,7,,,,
OBERÁ,Temperatura máxima (°C),S/D,S/D,30,2,27,1,23,21,5,S/D,S/D,25,3,27,9,29,7,31,6,,,,,
OBERÁ,Temperatura mínima (°C),S/D,S/D,18,5,15,9,12,7,11,5,S/D,S/D,13,4,16,1,17,1,19,3,,,,
OBERÁ,Humedad relativa (%),S/D,S/D,81,3,82,4,84,6,83,6,S/D,S/D,76,4,77,4,74,7,75,9,,,,
OBERÁ,Velocidad del Viento (km/h) (2011-2020),S/D,S/D,S/D,S/D,S/D,S/D,S/D,S/D,S/D,S/D,S/D,S/D,,,,,,,,,,,,
OBERÁ,Nubosidad total (octavos),S/D,S/D,3,4,3,3,3,8,3,9,S/D,S/D,3,7,4,3,3,3,5,,,,,
OBERÁ,Precipitación (mm),S/D,S/D,S/D,215,2,143,4,153,3,S/D,S/D,157,7,S/D,184,S/D,,,,,,,,
OBERÁ,Frecuencia de días con Precipitación superior a 1.0 mm,S/D,S/D,S/D,8,5,8,7,8,S/D,S/D,9,5,S/D,8,5,S/D,,,,,,,,
TINOGASTA,Temperatura (°C),25,9,24,7,22,9,18,8,14,11,10,2,13,7,17,2,21,5,24,2,26,2,,
TINOGASTA,Temperatura máxima (°C),33,8,32,5,31,27,2,22,6,20,3,20,23,6,26,5,30,2,32,6,34,2,,
TINOGASTA,Temperatura mínima (°C),18,9,17,6,15,7,10,5,5,1,1,4,0,2,2,7,6,5,11,4,15,3,18,
TINOGASTA,Humedad relativa (%),55,5,58,2,59,9,61,1,62,7,57,8,53,8,46,45,2,46,3,48,1,49,5,
TINOGASTA,Velocidad del Viento (km/h) (2011-2020),S/D,S/D,S/D,S/D,S/D,S/D,S/D,S/D,S/D,S/D,S/D,S/D,,,,,,,,,,,,
TINOGASTA,Nubosidad total (octavos),4,3,4,3,5,2,9,3,2,9,2,3,2,2,2,2,5,3,1,3,6,,,
TINOGASTA,Precipitación (mm),37,4,27,17,9,6,2,3,1,2,5,2,1,2,1,5,4,9,8,21,3,,,
TINOGASTA,Frecuencia de días con Precipitación superior a 1.0 mm,4,8,4,2,2,8,0,9,0,8,0,4,0,6,0,3,0,6,0,8,1,2,7,
CHILECITO,Temperatura (°C),25,7,24,4,22,3,18,1,13,6,10,3,9,5,13,1,16,6,20,7,23,2,25,6
CHILECITO,Temperatura máxima (°C),33,7,32,29,9,25,5,21,18,3,18,21,6,25,28,7,31,7,33,7,,,,
CHILECITO,Temperatura mínima (°C),19,1,17,7,16,2,11,8,6,8,2,7,1,5,3,9,7,8,12,6,16,1,18,4
CHILECITO,Humedad relativa (%),59,3,62,65,3,S/D,68,5,65,3,61,4,53,7,51,52,6,54,3,55,3,,,
CHILECITO,Velocidad del Viento (km/h) (2011-2020),S/D,S/D,S/D,S/D,S/D,S/D,S/D,S/D,S/D,S/D,S/D,S/D,,,,,,,,,,,,
CHILECITO,Nubosidad total (octavos),3,6,3,6,3,4,3,1,3,1,2,7,2,1,1,9,2,2,5,2,8,3,,
CHILECITO,Precipitación (mm),S/D,32,S/D,11,7,3,7,1,2,2,3,S/D,2,2,5,4,S/D,S/D,,,,,,
CHILECITO,Frecuencia de días con Precipitación superior a 1.0 mm,S/D,3,6,S/D,1,7,0,8,0,3,0,6,S/D,0,4,0,8,S/D,S/D,,,,,
LA RIOJA,Temperatura (°C),27,6,26,23,9,19,8,15,3,11,4,10,6,14,2,18,4,22,8,25,6,27,6,
LA RIOJA,Temperatura máxima (°C),35,2,33,2,30,8,26,8,22,6,19,7,19,5,23,3,26,9,30,8,33,6,35,4
LA RIOJA,Temperatura mínima (°C),21,5,20,1,18,6,14,6,9,9,5,6,4,2,6,9,11,3,15,9,18,9,20,8
LA RIOJA,Humedad relativa (%),59,9,63,9,67,9,70,71,1,70,3,63,2,52,2,47,6,49,3,51,5,54,4,
LA RIOJA,Velocidad del Viento (km/h) (2011-2020),S/D,S/D,S/D,S/D,S/D,S/D,S/D,S/D,S/D,S/D,S/D,S/D,,,,,,,,,,,,
LA RIOJA,Nubosidad total (octavos),3,9,4,3,8,3,6,3,6,3,2,2,5,2,1,2,4,2,9,3,2,3,5,
LA RIOJA,Precipitación (mm),90,3,78,8,63,4,30,8,8,2,4,4,2,3,3,5,5,19,5,32,66,9,,
LA RIOJA,Frecuencia de días con Precipitación superior a 1.0 mm,7,1,6,6,5,4,3,3,1,7,0,7,0,7,0,5,1,3,2,3,4,5,6,
CATAMARCA,Temperatura (°C),27,8,26,4,24,6,20,7,16,2,12,2,11,7,15,8,19,8,23,7,26,27,6,
CATAMARCA,Temperatura máxima (°C),34,5,33,31,3,27,6,23,4,20,2,20,3,24,3,27,7,30,8,32,8,34,6,
CATAMARCA,Temperatura mínima (°C),21,9,20,8,19,2,15,10,3,5,6,4,5,7,7,12,2,16,9,19,6,21,3,
CATAMARCA,Humedad relativa (%),55,59,1,62,5,65,66,5,65,3,56,4,44,7,40,5,44,4,47,50,2,,,
CATAMARCA,Velocidad del Viento (km/h) (2011-2020),22,19,8,18,9,15,5,13,11,5,12,4,16,6,19,1,21,7,24,23,6,,,
CATAMARCA,Nubosidad total (octavos),3,5,3,5,3,3,3,4,3,5,3,3,2,7,2,4,2,5,3,3,3,1,,
CATAMARCA,Precipitación (mm),80,9,73,8,50,1,31,1,12,7,7,4,1,2,9,5,6,24,4,45,1,73,4,
CATAMARCA,Frecuencia de días con Precipitación superior a 1.0 mm,7,6,5,1,4,1,2,2,1,2,1,1,0,6,1,3,3,4,3,6,3,,,
VILLA DE MARÍA DEL RÍO SECO,Temperatura (°C),24,5,22,7,21,17,5,13,9,11,9,9,12,7,15,8,19,3,21,9,23,9,,
VILLA DE MARÍA DEL RÍO SECO,Temperatura máxima (°C),31,8,29,8,28,1,24,5,21,3,18,9,18,7,21,9,24,3,26,9,29,4,31,3
VILLA DE MARÍA DEL RÍO SECO,Temperatura mínima (°C),S/D,S/D,S/D,S/D,S/D,S/D,S/D,S/D,S/D,S/D,S/D,S/D,,,,,,,,,,,,
VILLA DE MARÍA DEL RÍO SECO,Humedad relativa (%),73,1,79,3,81,2,81,9,81,1,78,6,73,9,66,6,65,1,68,3,69,69,8,
VILLA DE MARÍA DEL RÍO SECO,Velocidad del Viento (km/h) (2011-2020),6,4,4,9,4,3,4,4,2,4,4,5,1,6,2,6,6,7,6,7,6,5,,
VILLA DE MARÍA DEL RÍO SECO,Nubosidad total (octavos),3,8,4,3,9,4,2,4,4,4,3,3,2,8,3,1,3,7,3,5,3,7,,
VILLA DE MARÍA DEL RÍO SECO,Precipitación (mm),114,3,115,5,116,6,64,3,24,5,9,1,8,4,9,20,8,64,8,89,8,120,3,
VILLA DE MARÍA DEL RÍO SECO,Frecuencia de días con Precipitación superior a 1.0 mm,7,8,7,7,2,6,3,1,4,1,3,0,6,2,2,5,3,7,1,7,9,,,
CERES,Temperatura (°C),25,5,24,3,22,5,19,1,15,5,12,7,11,6,14,16,7,20,22,4,24,6,,
CERES,Temperatura máxima (°C),32,3,31,1,29,3,25,5,22,19,4,19,1,22,2,24,5,27,1,29,3,31,4,
CERES,Temperatura mínima (°C),19,4,18,6,17,14,1,10,7,7,8,6,1,7,5,10,1,13,7,15,9,18,1,
CERES,Humedad relativa (%),70,8,74,8,77,79,7,80,8,79,9,74,9,68,3,66,2,68,6,68,1,69,3,
CERES,Velocidad del Viento (km/h) (2011-2020),S/D,S/D,S/D,S/D,S/D,S/D,S/D,S/D,S/D,S/D,S/D,S/D,,,,,,,,,,,,
CERES,Nubosidad total (octavos),3,2,3,2,3,3,3,7,4,1,4,1,3,4,3,3,2,3,7,3,1,3,2,
CERES,Precipitación (mm),140,116,8,147,3,101,1,39,7,18,8,8,4,12,31,3,80,5,106,4,140,9,,
CERES,Frecuencia de días con Precipitación superior a 1.0 mm,7,6,5,6,8,5,9,3,3,2,3,1,3,1,4,3,3,5,9,6,8,7,4,
RECONQUISTA,Temperatura (°C),26,4,25,3,23,6,20,4,16,9,14,4,13,5,15,6,17,7,20,8,23,25,2,
RECONQUISTA,Temperatura máxima (°C),32,4,31,2,29,4,26,22,2,19,9,19,7,22,7,24,4,26,8,29,31,1,,
RECONQUISTA,Temperatura mínima (°C),21,20,4,18,8,15,8,12,6,10,1,8,7,10,12,1,15,4,17,4,19,7,,
RECONQUISTA,Humedad relativa (%),70,1,74,1,76,5,79,3,80,8,81,3,76,4,70,3,69,1,71,6,69,69,9,
RECONQUISTA,Velocidad del Viento (km/h) (2011-2020),12,3,11,6,10,8,10,4,10,8,11,12,2,15,1,15,4,15,9,14,4,12,5,
RECONQUISTA,Nubosidad total (octavos),3,3,3,4,3,3,3,6,4,4,3,3,7,3,3,3,5,3,8,3,1,3,2,
RECONQUISTA,Precipitación (mm),150,9,150,9,138,4,141,5,75,34,8,24,1,36,2,45,5,108,9,156,8,162,8,
RECONQUISTA,Frecuencia de días con Precipitación superior a 1.0 mm,6,8,7,6,5,7,1,4,7,3,2,4,2,7,4,6,7,6,7,7,7,6,,
PASO DE LOS LIBRES,Temperatura (°C),26,25,1,23,4,20,1,16,4,14,2,13,4,15,4,17,2,20,2,22,6,24,9,
PASO DE LOS LIBRES,Temperatura máxima (°C),32,2,31,1,29,5,26,21,8,19,6,19,21,8,23,2,25,8,28,6,31,,,
PASO DE LOS LIBRES,Temperatura mínima (°C),20,6,20,18,4,15,4,12,1,10,1,9,10,3,12,2,15,2,16,9,19,2,,
PASO DE LOS LIBRES,Humedad relativa (%),69,7,72,5,74,6,77,5,81,5,82,6,79,7,74,9,73,2,73,5,68,4,68,1
PASO DE LOS LIBRES,Velocidad del Viento (km/h) (2011-2020),16,5,15,8,15,5,14,9,14,7,14,5,15,4,17,9,19,3,19,7,17,7,15,9
PASO DE LOS LIBRES,Nubosidad total (octavos),3,7,3,7,3,5,3,6,4,4,3,4,3,7,4,4,3,4,3,6,,,,
PASO DE LOS LIBRES,Precipitación (mm),143,9,144,4,148,9,180,4,125,4,88,9,68,2,57,91,7,173,134,2,161,7,,
PASO DE LOS LIBRES,Frecuencia de días con Precipitación superior a 1.0 mm,6,9,7,6,7,7,4,7,1,6,5,4,4,6,6,3,8,8,6,5,7,4,,
JACHAL,Temperatura (°C),25,4,23,3,21,16,11,2,8,4,7,2,10,13,5,18,3,22,24,9,,,,
JACHAL,Temperatura máxima (°C),32,9,31,2,29,24,5,20,5,18,5,17,6,20,4,22,8,26,9,30,3,32,7,
JACHAL,Temperatura mínima (°C),16,6,15,1,13,7,2,2,6,-1,-2,4,0,6,3,3,7,8,11,8,15,2,,
JACHAL,Humedad relativa (%),53,4,58,1,62,64,9,66,2,63,4,61,7,56,54,4,50,6,48,2,49,1,,
JACHAL,Velocidad del Viento (km/h) (2011-2020),S/D,S/D,S/D,S/D,S/D,S/D,S/D,S/D,S/D,S/D,S/D,S/D,,,,,,,,,,,,
JACHAL,Nubosidad total (octavos),3,2,9,2,9,2,5,2,5,2,3,2,1,8,2,2,2,2,4,,,,,
JACHAL,Precipitación (mm),18,6,32,3,16,8,2,5,7,3,2,3,4,1,8,5,4,4,8,5,9,18,1,
JACHAL,Frecuencia de días con Precipitación superior a 1.0 mm,2,9,3,6,2,3,1,4,1,1,0,6,0,8,0,5,1,1,0,9,2,,,
SAN JUAN,Temperatura (°C),27,3,25,6,22,8,17,3,12,3,8,4,7,5,10,7,14,9,19,6,23,5,26,4
SAN JUAN,Temperatura máxima (°C),35,1,33,3,30,5,25,3,20,5,17,3,16,7,20,3,23,8,27,9,31,6,34,4
SAN JUAN,Temperatura mínima (°C),19,8,18,4,16,1,10,9,6,1,5,0,3,2,7,6,6,11,3,15,18,,,
SAN JUAN,Humedad relativa (%),43,46,9,52,6,57,3,62,2,60,2,55,1,45,5,40,8,38,8,38,2,38,1,
SAN JUAN,Velocidad del Viento (km/h) (2011-2020),15,3,14,6,13,11,5,9,7,9,8,10,4,11,7,13,7,16,4,17,2,16,6,
SAN JUAN,Nubosidad total (octavos),2,8,2,7,2,6,2,6,2,9,2,6,2,3,2,1,2,2,2,4,2,2,2,3
SAN JUAN,Precipitación (mm),17,4,22,5,10,8,4,6,3,4,1,8,1,3,2,6,3,7,2,9,7,2,12,4
SAN JUAN,Frecuencia de días con Precipitación superior a 1.0 mm,2,8,2,2,1,9,0,9,0,7,0,3,0,4,0,4,0,8,0,8,1,1,1,6
CHAMICAL,Temperatura (°C),27,25,3,23,2,19,3,15,2,11,8,11,14,3,18,1,22,1,24,6,26,6,,
CHAMICAL,Temperatura máxima (°C),33,8,31,9,29,5,25,6,21,4,18,6,18,7,22,4,25,7,29,3,31,8,33,8
CHAMICAL,Temperatura mínima (°C),20,6,19,5,18,14,3,10,2,6,5,5,7,5,10,9,15,17,8,19,6,,,
CHAMICAL,Humedad relativa (%),58,3,62,6,67,3,69,70,3,68,2,60,2,49,7,46,5,48,3,50,7,53,5,
CHAMICAL,Velocidad del Viento (km/h) (2011-2020),8,4,6,9,6,2,5,4,3,4,1,4,1,6,8,2,10,1,9,9,8,8,,
CHAMICAL,Nubosidad total (octavos),3,5,3,7,3,7,3,8,3,9,3,5,2,7,2,2,2,5,2,9,3,1,3,2
CHAMICAL,Precipitación (mm),93,4,88,3,67,2,27,6,10,2,3,4,3,2,2,7,7,8,28,1,45,5,82,7
CHAMICAL,Frecuencia de días con Precipitación superior a 1.0 mm,5,8,5,3,5,2,3,1,1,9,0,7,0,6,0,4,1,4,2,5,4,5,6,
VILLA DOLORES,Temperatura (°C),25,4,23,8,21,8,17,8,13,9,10,7,10,13,16,3,20,1,22,8,24,7,,
VILLA DOLORES,Temperatura máxima (°C),32,7,31,28,8,24,8,20,9,18,4,18,1,21,6,24,6,27,9,30,4,32,2,
VILLA DOLORES,Temperatura mínima (°C),18,4,17,4,16,12,7,9,5,6,4,4,6,5,9,2,12,8,15,4,17,4,,
VILLA DOLORES,Humedad relativa (%),58,6,64,9,68,9,71,4,72,9,69,8,62,6,51,5,48,4,50,8,52,1,55,3
VILLA DOLORES,Velocidad del Viento (km/h) (2011-2020),10,9,9,8,10,1,9,3,9,2,9,6,9,8,11,3,11,5,11,3,12,9,13,1
VILLA DOLORES,Nubosidad total (octavos),3,3,3,4,3,3,3,6,3,8,3,4,3,2,7,2,9,3,2,3,2,3,2,
VILLA DOLORES,Precipitación (mm),111,3,108,3,93,49,8,18,4,6,7,6,7,4,7,19,9,41,9,77,3,102,7,
VILLA DOLORES,Frecuencia de días con Precipitación superior a 1.0 mm,8,5,8,6,8,4,9,2,7,1,4,1,1,1,2,5,4,3,7,3,8,5,,
CÓRDOBA,Temperatura (°C),23,5,22,20,5,17,3,13,7,10,6,9,8,12,4,15,2,18,3,20,9,22,9,
CÓRDOBA,Temperatura máxima (°C),29,9,28,2,27,24,1,20,6,18,3,17,7,20,8,23,25,4,28,29,7,,,
CÓRDOBA,Temperatura mínima (°C),17,5,16,5,15,1,11,9,8,4,4,7,3,7,5,5,8,1,11,6,14,2,16,6
CÓRDOBA,Humedad relativa (%),68,1,74,75,1,73,1,73,5,69,4,63,5,55,4,55,60,5,60,9,63,3,,
CÓRDOBA,Velocidad del Viento (km/h) (2011-2020),12,6,11,3,11,5,11,1,11,11,4,11,9,14,1,14,9,14,8,15,2,14,4,
CÓRDOBA,Nubosidad total (octavos),3,8,3,9,3,8,4,4,3,3,7,3,4,3,3,3,3,8,3,7,3,7,,
CÓRDOBA,Precipitación (mm),121,9,140,2,116,9,65,3,24,4,6,6,6,8,5,32,6,71,5,115,9,146,5,
CÓRDOBA,Frecuencia de días con Precipitación superior a 1.0 mm,8,5,7,9,7,3,5,2,3,2,0,9,1,1,0,7,3,2,5,4,8,1,8,6
CÓRDOBA OBSERVATORIO,Temperatura (°C),24,7,23,2,21,8,18,4,14,7,11,6,10,8,13,5,16,2,19,4,22,1,24,2
CÓRDOBA OBSERVATORIO,Temperatura máxima (°C),31,2,29,4,28,1,25,21,3,19,18,4,21,5,23,8,26,3,29,1,31,,,
CÓRDOBA OBSERVATORIO,Temperatura mínima (°C),18,9,17,8,16,5,13,3,9,9,6,4,5,5,7,4,10,13,4,15,8,18,1,
CÓRDOBA OBSERVATORIO,Humedad relativa (%),65,1,70,5,71,9,72,73,6,71,1,65,8,55,7,55,8,59,4,59,6,61,3,
CÓRDOBA OBSERVATORIO,Velocidad del Viento (km/h) (2011-2020),8,5,7,7,7,6,6,9,6,5,9,6,5,7,6,8,5,8,9,9,3,9,,
CÓRDOBA OBSERVATORIO,Nubosidad total (octavos),3,5,3,7,3,6,3,9,4,1,3,6,3,2,2,8,3,2,3,6,3,5,3,5
CÓRDOBA OBSERVATORIO,Precipitación (mm),121,6,126,6,99,9,61,2,20,7,6,7,6,7,8,33,7,76,9,109,7,143,9,
CÓRDOBA OBSERVATORIO,Frecuencia de días con Precipitación superior a 1.0 mm,8,8,8,4,7,6,5,6,3,3,1,1,3,1,3,1,5,9,8,3,9,6,,
PILAR OBSERVATORIO,Temperatura (°C),23,7,22,1,20,6,17,3,13,7,10,6,9,6,12,14,9,18,2,21,1,23,3,
PILAR OBSERVATORIO,Temperatura máxima (°C),30,1,28,3,27,24,20,2,17,6,17,1,20,2,22,6,25,1,28,30,,,,
PILAR OBSERVATORIO,Temperatura mínima (°C),18,17,15,5,12,3,8,9,5,3,4,2,5,7,8,4,12,1,14,8,17,1,,
PILAR OBSERVATORIO,Humedad relativa (%),69,7,75,5,76,5,74,8,76,73,1,67,2,59,5,57,9,62,7,62,1,63,7,
PILAR OBSERVATORIO,Velocidad del Viento (km/h) (2011-2020),S/D,S/D,S/D,S/D,S/D,S/D,S/D,S/D,S/D,S/D,S/D,S/D,,,,,,,,,,,,
PILAR OBSERVATORIO,Nubosidad total (octavos),3,4,3,5,3,4,3,7,4,2,3,7,3,4,3,3,2,3,6,3,4,3,4,
PILAR OBSERVATORIO,Precipitación (mm),112,5,112,1,97,5,64,9,23,9,7,6,1,8,1,28,1,76,3,98,9,118,4,
PILAR OBSERVATORIO,Frecuencia de días con Precipitación superior a 1.0 mm,7,9,7,5,6,9,5,2,2,9,1,1,1,0,9,2,8,5,5,7,9,8,2,
SAUCE VIEJO,Temperatura (°C),25,7,24,4,22,6,18,9,15,5,12,4,11,5,13,8,16,3,19,4,22,2,24,4
SAUCE VIEJO,Temperatura máxima (°C),31,5,30,28,5,24,6,21,18,17,5,20,3,22,5,25,2,28,30,2,,,,
SAUCE VIEJO,Temperatura mínima (°C),20,1,19,1,17,6,14,11,7,9,6,7,8,3,10,6,14,16,5,18,7,,,
SAUCE VIEJO,Humedad relativa (%),68,5,72,9,75,78,5,80,7,80,7,77,4,72,69,1,70,2,67,4,67,2,,
SAUCE VIEJO,Velocidad del Viento (km/h) (2011-2020),12,3,11,4,10,8,11,11,7,11,8,13,14,4,14,1,14,6,13,9,12,5,,
SAUCE VIEJO,Nubosidad total (octavos),2,9,3,1,2,9,3,3,3,7,3,9,3,5,3,3,2,3,5,3,3,,,
SAUCE VIEJO,Precipitación (mm),98,7,117,5,138,4,127,9,52,1,33,3,25,4,32,2,49,4,114,8,143,143,1,
SAUCE VIEJO,Frecuencia de días con Precipitación superior a 1.0 mm,6,3,6,8,6,4,7,4,2,6,2,5,3,4,4,7,1,7,1,7,7,,,
PARANÁ,Temperatura (°C),25,23,6,21,8,18,3,15,12,2,11,4,13,3,15,5,18,6,21,5,23,8,,
PARANÁ,Temperatura máxima (°C),31,2,29,7,27,9,24,20,3,17,3,16,9,19,6,21,8,24,6,27,6,29,8,
PARANÁ,Temperatura mínima (°C),19,4,18,6,16,9,13,8,11,8,3,7,2,8,4,10,2,13,3,15,7,18,,
PARANÁ,Humedad relativa (%),66,3,71,5,73,9,77,1,79,5,79,6,75,4,70,2,67,7,69,5,65,3,64,9
PARANÁ,Velocidad del Viento (km/h) (2011-2020),11,9,11,2,9,8,10,1,10,4,10,9,11,4,13,1,13,8,14,7,13,5,12,5
PARANÁ,Nubosidad total (octavos),3,3,2,3,3,4,3,9,4,3,6,3,2,3,3,3,6,3,1,3,1,,,
PARANÁ,Precipitación (mm),112,2,128,3,147,6,136,6,63,5,36,7,30,8,38,4,54,131,1,123,6,152,,
PARANÁ,Frecuencia de días con Precipitación superior a 1.0 mm,6,7,6,9,6,4,7,2,4,5,3,1,2,9,3,2,4,6,7,3,6,7,7,4
MONTE CASEROS,Temperatura (°C),26,2,25,1,23,3,19,9,16,2,13,9,13,1,15,1,17,20,22,6,24,9,,
MONTE CASEROS,Temperatura máxima (°C),32,4,31,2,29,6,25,8,21,7,19,3,18,9,21,7,23,1,25,8,28,7,31,1
MONTE CASEROS,Temperatura mínima (°C),20,6,20,18,3,15,3,12,9,8,8,8,10,1,11,9,14,9,16,8,19,1,,
MONTE CASEROS,Humedad relativa (%),68,4,72,5,74,6,78,81,1,81,5,78,3,73,7,72,5,73,68,1,67,5,,
MONTE CASEROS,Velocidad del Viento (km/h) (2011-2020),11,2,10,8,10,4,10,1,10,5,11,5,12,2,14,3,14,2,13,6,12,2,11,4
MONTE CASEROS,Nubosidad total (octavos),3,3,3,4,3,2,3,5,3,9,4,2,3,9,3,5,3,8,3,9,3,2,3,3
MONTE CASEROS,Precipitación (mm),157,4,140,6,136,8,197,2,114,7,82,3,61,7,64,5,91,9,157,6,149,1,167,3
MONTE CASEROS,Frecuencia de días con Precipitación superior a 1.0 mm,7,4,6,9,7,1,7,6,6,8,5,2,4,5,4,2,6,2,8,4,6,7,7,8
CONCORDIA,Temperatura (°C),25,6,24,4,22,6,19,15,4,13,12,1,14,1,16,1,19,1,21,8,24,2,,
CONCORDIA,Temperatura máxima (°C),31,9,30,4,28,6,24,8,20,8,18,2,17,8,20,5,22,3,24,9,27,9,30,5
CONCORDIA,Temperatura mínima (°C),19,5,18,9,17,2,14,10,9,8,5,7,4,8,7,10,5,13,5,15,6,17,9,
CONCORDIA,Humedad relativa (%),65,4,70,6,73,2,77,3,81,5,81,6,78,5,73,7,71,6,71,7,66,3,64,6
CONCORDIA,Velocidad del Viento (km/h) (2011-2020),S/D,S/D,S/D,S/D,S/D,S/D,S/D,S/D,S/D,S/D,S/D,S/D,,,,,,,,,,,,
CONCORDIA,Nubosidad total (octavos),2,9,3,1,2,9,3,3,3,8,4,3,7,3,4,3,5,3,6,3,2,9,,
CONCORDIA,Precipitación (mm),140,1,152,7,136,4,173,2,111,5,86,3,55,3,74,8,89,6,161,6,134,6,151,9
CONCORDIA,Frecuencia de días con Precipitación superior a 1.0 mm,6,8,7,1,7,7,7,6,2,5,1,4,3,4,9,5,8,8,1,6,7,7,3,
SAN MARTÍN (MZA),Temperatura (°C),25,2,23,5,20,9,15,9,11,7,8,4,7,6,10,4,14,18,1,21,7,24,4,
SAN MARTÍN (MZA),Temperatura máxima (°C),32,9,31,2,28,5,23,6,19,2,16,2,15,8,19,22,2,25,9,29,4,32,2,
SAN MARTÍN (MZA),Temperatura mínima (°C),18,3,16,9,15,10,5,6,6,3,1,9,4,1,7,3,11,1,14,4,17,,,
SAN MARTÍN (MZA),Humedad relativa (%),53,5,58,6,63,8,67,5,69,8,66,4,61,3,53,8,50,9,49,7,48,8,48,8
SAN MARTÍN (MZA),Velocidad del Viento (km/h) (2011-2020),S/D,S/D,S/D,S/D,S/D,S/D,S/D,S/D,S/D,S/D,S/D,S/D,,,,,,,,,,,,
SAN MARTÍN (MZA),Nubosidad total (octavos),2,7,2,7,2,7,2,8,3,3,2,9,2,5,2,3,2,5,2,5,2,4,2,3
SAN MARTÍN (MZA),Precipitación (mm),48,45,47,1,19,5,10,9,3,1,3,1,5,9,8,4,15,4,26,6,29,6,,
SAN MARTÍN (MZA),Frecuencia de días con Precipitación superior a 1.0 mm,5,3,4,3,3,3,2,1,6,0,6,0,6,0,9,1,4,1,6,2,8,3,5,
MENDOZA,Temperatura (°C),25,9,24,1,21,5,16,5,12,1,8,7,7,9,10,8,14,5,18,7,22,3,25,1
MENDOZA,Temperatura máxima (°C),32,8,31,28,1,23,3,18,7,15,9,15,3,18,6,21,8,25,7,29,2,32,,
MENDOZA,Temperatura mínima (°C),19,3,17,8,15,7,10,8,6,8,2,9,2,4,3,7,8,11,9,15,4,18,1,
MENDOZA,Humedad relativa (%),48,4,53,8,59,7,64,6,69,1,66,9,62,1,53,2,48,3,45,3,43,5,43,8
MENDOZA,Velocidad del Viento (km/h) (2011-2020),S/D,S/D,S/D,S/D,S/D,S/D,S/D,S/D,S/D,S/D,S/D,S/D,,,,,,,,,,,,
MENDOZA,Nubosidad total (octavos),3,3,3,3,3,2,3,2,3,7,3,2,3,2,7,3,3,2,9,2,9,,,
MENDOZA,Precipitación (mm),47,2,40,8,31,6,18,5,11,5,7,5,7,9,12,3,11,2,22,1,24,7,,
MENDOZA,Frecuencia de días con Precipitación superior a 1.0 mm,4,5,4,3,4,2,4,2,1,1,3,1,3,2,1,2,3,3,2,,,,,
MENDOZA OBSERVATORIO,Temperatura (°C),24,4,22,6,20,2,15,5,11,4,8,2,7,4,10,1,13,5,17,4,20,8,23,5
MENDOZA OBSERVATORIO,Temperatura máxima (°C),30,7,29,2,26,5,22,18,15,3,14,7,17,6,20,5,24,27,3,30,,,,
MENDOZA OBSERVATORIO,Temperatura mínima (°C),18,3,16,9,15,10,9,7,2,3,9,2,9,4,9,7,7,11,2,14,4,17,1,
MENDOZA OBSERVATORIO,Humedad relativa (%),54,3,59,7,64,1,66,7,70,4,67,6,63,5,56,4,53,9,52,2,51,3,51,5
MENDOZA OBSERVATORIO,Velocidad del Viento (km/h) (2011-2020),S/D,S/D,S/D,S/D,S/D,S/D,S/D,S/D,S/D,S/D,S/D,S/D,,,,,,,,,,,,
MENDOZA OBSERVATORIO,Nubosidad total (octavos),3,2,3,2,3,2,3,2,3,7,3,2,3,2,7,3,3,2,9,2,8,,,
MENDOZA OBSERVATORIO,Precipitación (mm),39,6,44,3,35,7,23,3,14,8,8,1,8,3,10,1,14,6,13,9,26,5,27,8
MENDOZA OBSERVATORIO,Frecuencia de días con Precipitación superior a 1.0 mm,4,9,4,8,4,3,3,2,8,1,7,1,6,1,9,2,8,2,4,3,4,3,8,
SAN LUIS,Temperatura (°C),24,8,23,2,21,1,16,9,13,2,10,3,9,6,12,2,15,3,18,9,21,8,24,
SAN LUIS,Temperatura máxima (°C),31,6,30,27,6,23,3,19,6,17,1,16,7,19,5,22,4,25,6,28,5,30,8,
SAN LUIS,Temperatura mínima (°C),18,3,17,2,15,5,11,8,8,3,5,4,6,2,9,1,12,5,15,1,17,3,,
SAN LUIS,Humedad relativa (%),52,9,58,1,62,7,64,9,66,2,62,56,1,47,6,45,5,47,8,48,5,49,7,
SAN LUIS,Velocidad del Viento (km/h) (2011-2020),17,4,15,9,14,5,13,6,12,1,13,4,13,9,15,6,16,5,18,4,18,3,17,7
SAN LUIS,Nubosidad total (octavos),3,5,3,3,3,2,3,5,4,3,7,3,4,3,1,3,3,3,5,3,4,3,3,
SAN LUIS,Precipitación (mm),115,3,112,5,92,1,44,8,18,6,5,4,5,4,8,6,22,50,1,87,4,104,9,
SAN LUIS,Frecuencia de días con Precipitación superior a 1.0 mm,8,3,7,6,8,4,4,2,6,1,2,1,4,1,6,2,8,5,7,8,3,,,
VILLA REYNOLDS,Temperatura (°C),23,3,21,6,19,5,15,3,11,4,8,7,9,7,13,1,16,9,20,22,5,,,
VILLA REYNOLDS,Temperatura máxima (°C),31,2,29,8,28,24,20,3,17,7,17,1,20,2,22,6,25,2,28,1,30,6,,
VILLA REYNOLDS,Temperatura mínima (°C),15,5,14,3,12,6,8,7,4,9,1,0,3,1,5,4,6,8,9,11,9,14,3,
VILLA REYNOLDS,Humedad relativa (%),66,9,72,1,75,1,75,9,77,4,75,70,8,63,3,60,9,63,62,62,1,,,
VILLA REYNOLDS,Velocidad del Viento (km/h) (2011-2020),12,7,11,9,2,9,2,8,7,8,8,6,11,2,12,6,16,3,15,1,14,,,
VILLA REYNOLDS,Nubosidad total (octavos),3,6,3,6,3,4,3,7,4,1,3,8,3,6,3,4,3,6,3,9,3,8,3,6
VILLA REYNOLDS,Precipitación (mm),102,8,89,8,96,2,68,9,31,7,9,8,10,5,15,6,35,4,65,8,92,4,105,4
VILLA REYNOLDS,Frecuencia de días con Precipitación superior a 1.0 mm,8,4,7,7,7,5,5,7,3,7,1,8,2,2,4,4,7,1,8,8,9,1,,
RÍO CUARTO,Temperatura (°C),23,21,7,20,16,5,12,8,9,7,8,8,11,2,14,17,2,20,3,22,5,,,
RÍO CUARTO,Temperatura máxima (°C),29,1,27,7,26,3,22,9,19,1,16,3,15,7,18,6,21,1,23,9,26,8,29,
RÍO CUARTO,Temperatura mínima (°C),17,6,16,5,15,1,11,6,8,2,4,8,3,8,5,5,8,1,11,5,14,3,16,6
RÍO CUARTO,Humedad relativa (%),66,7,71,3,72,8,71,5,73,3,69,9,64,8,57,6,56,5,60,8,59,4,60,4
RÍO CUARTO,Velocidad del Viento (km/h) (2011-2020),18,15,7,15,8,15,4,14,9,14,4,16,18,5,20,5,21,5,21,7,20,4,,
RÍO CUARTO,Nubosidad total (octavos),3,3,3,4,3,2,3,6,4,3,7,3,5,3,1,3,3,3,7,3,6,3,3,
RÍO CUARTO,Precipitación (mm),135,4,104,7,102,67,29,2,7,7,9,10,9,35,81,127,129,6,,,,,,
RÍO CUARTO,Frecuencia de días con Precipitación superior a 1.0 mm,8,4,7,6,8,5,9,3,4,1,6,1,8,1,5,3,9,7,6,8,7,8,8,
MARCOS JUÁREZ,Temperatura (°C),23,5,22,1,20,6,17,2,13,5,10,3,9,2,11,3,14,2,17,8,20,9,22,9
MARCOS JUÁREZ,Temperatura máxima (°C),30,4,28,9,27,9,24,4,20,4,17,3,16,8,19,7,22,3,25,1,28,1,30,
MARCOS JUÁREZ,Temperatura mínima (°C),17,2,16,2,14,7,11,7,8,3,4,9,3,5,4,8,7,2,11,2,14,16,1,
MARCOS JUÁREZ,Humedad relativa (%),75,4,79,3,78,1,78,2,80,5,80,3,76,8,71,4,68,9,69,9,66,8,69,6
MARCOS JUÁREZ,Velocidad del Viento (km/h) (2011-2020),S/D,S/D,S/D,S/D,S/D,S/D,S/D,S/D,S/D,S/D,S/D,S/D,,,,,,,,,,,,
MARCOS JUÁREZ,Nubosidad total (octavos),3,1,3,2,3,1,3,6,3,9,4,3,6,3,2,3,4,3,7,3,3,3,2,
MARCOS JUÁREZ,Precipitación (mm),114,4,118,9,109,7,107,3,37,18,8,12,5,21,6,42,2,102,3,109,3,148,6,
MARCOS JUÁREZ,Frecuencia de días con Precipitación superior a 1.0 mm,6,2,6,4,6,5,6,8,3,5,2,3,1,8,2,3,3,9,6,7,7,3,7,7
VENADO TUERTO,Temperatura (°C),23,21,6,20,16,5,13,9,9,8,8,11,13,6,16,9,20,2,22,4,,,,
VENADO TUERTO,Temperatura máxima (°C),29,7,28,3,27,1,23,7,19,7,16,6,16,18,9,21,2,23,7,27,4,29,5,
VENADO TUERTO,Temperatura mínima (°C),16,6,15,7,14,10,9,7,9,4,5,3,3,4,5,6,8,10,4,13,3,15,4,
VENADO TUERTO,Humedad relativa (%),76,5,80,7,79,7,79,2,80,9,80,1,77,6,72,6,70,4,72,9,69,70,3,
VENADO TUERTO,Velocidad del Viento (km/h) (2011-2020),S/D,S/D,S/D,S/D,S/D,S/D,S/D,S/D,S/D,S/D,S/D,S/D,,,,,,,,,,,,
VENADO TUERTO,Nubosidad total (octavos),2,9,3,1,2,9,3,4,3,8,3,8,3,7,3,2,3,2,3,5,3,1,2,9
VENADO TUERTO,Precipitación (mm),112,6,112,122,4,89,7,45,3,17,7,S/D,21,5,45,1,93,90,5,S/D,,,,
VENADO TUERTO,Frecuencia de días con Precipitación superior a 1.0 mm,7,6,3,6,4,6,5,4,1,2,S/D,2,2,4,1,7,3,6,5,S/D,,,,
EL TRÉBOL,Temperatura (°C),23,9,22,5,20,9,17,3,13,8,10,7,9,6,11,8,14,6,18,20,9,23,,
EL TRÉBOL,Temperatura máxima (°C),30,7,29,2,27,9,24,3,20,5,17,4,16,9,19,7,22,24,8,27,9,29,9,
EL TRÉBOL,Temperatura mínima (°C),17,4,16,4,14,8,11,8,8,4,5,4,3,8,5,1,7,6,11,6,14,2,16,4
EL TRÉBOL,Humedad relativa (%),70,6,75,6,75,7,76,9,78,4,77,9,73,7,69,3,66,8,69,5,66,1,67,9
EL TRÉBOL,Velocidad del Viento (km/h) (2011-2020),9,3,9,8,6,9,2,9,8,4,8,8,10,6,11,2,11,6,11,2,10,1,,
EL TRÉBOL,Nubosidad total (octavos),3,3,3,4,3,2,3,7,4,1,4,1,3,8,3,3,3,3,3,7,3,3,3,3
EL TRÉBOL,Precipitación (mm),123,8,115,9,114,1,104,6,37,4,21,9,19,3,24,9,47,2,103,5,111,6,160,
EL TRÉBOL,Frecuencia de días con Precipitación superior a 1.0 mm,6,5,6,4,6,5,6,5,3,8,2,7,2,2,2,4,3,8,6,9,7,8,,
ROSARIO,Temperatura (°C),24,8,23,4,21,5,17,7,14,2,11,10,1,12,3,15,18,2,21,3,23,6,,
ROSARIO,Temperatura máxima (°C),30,9,29,4,27,7,23,9,20,1,17,16,5,19,2,21,5,24,3,27,5,29,8,
ROSARIO,Temperatura mínima (°C),18,7,17,7,16,12,4,9,4,6,2,4,9,6,3,8,7,12,3,15,17,3,,
ROSARIO,Humedad relativa (%),67,8,72,8,75,4,78,1,81,80,9,77,9,72,6,68,5,69,3,65,6,65,5,
ROSARIO,Velocidad del Viento (km/h) (2011-2020),12,4,11,4,10,5,10,7,10,7,10,6,11,6,12,8,14,4,15,3,14,6,12,7
ROSARIO,Nubosidad total (octavos),3,2,3,3,3,1,3,6,4,4,2,3,9,3,5,3,6,3,9,3,4,3,3,
ROSARIO,Precipitación (mm),120,7,127,4,138,4,119,9,57,7,28,3,23,35,3,48,118,7,108,2,127,9,,
ROSARIO,Frecuencia de días con Precipitación superior a 1.0 mm,6,4,6,6,6,3,6,9,4,2,2,7,2,6,2,8,4,1,7,9,6,7,7,7
GUALEGUAYCHÚ,Temperatura (°C),24,9,23,6,21,8,18,14,4,11,5,10,7,12,8,14,9,18,21,23,5,,,
GUALEGUAYCHÚ,Temperatura máxima (°C),31,2,29,7,28,24,2,20,2,17,3,16,6,19,3,20,9,23,8,27,2,29,9,
GUALEGUAYCHÚ,Temperatura mínima (°C),18,8,18,16,3,12,7,9,8,6,9,6,7,4,9,3,12,4,14,8,17,1,,
GUALEGUAYCHÚ,Humedad relativa (%),67,5,72,7,74,7,78,4,81,5,82,80,75,5,72,7,73,67,5,65,8,,,
GUALEGUAYCHÚ,Velocidad del Viento (km/h) (2011-2020),11,4,10,5,10,3,9,9,9,9,11,11,3,12,9,12,9,12,4,13,12,,,
GUALEGUAYCHÚ,Nubosidad total (octavos),3,1,3,3,3,1,3,4,3,9,4,1,3,9,3,6,3,6,3,8,3,3,3,2
GUALEGUAYCHÚ,Precipitación (mm),130,3,122,9,128,4,124,4,81,8,57,8,56,5,60,6,78,6,121,115,5,140,2,
GUALEGUAYCHÚ,Frecuencia de días con Precipitación superior a 1.0 mm,6,3,6,5,6,4,7,2,5,2,4,2,4,4,4,8,5,5,7,4,6,3,7,6
MALARGÜE,Temperatura (°C),20,6,18,9,16,4,11,5,7,4,4,7,3,8,5,8,8,7,12,5,16,2,19,2
MALARGÜE,Temperatura máxima (°C),29,1,27,2,25,20,15,3,12,5,11,8,14,2,17,20,5,24,4,27,5,,,
MALARGÜE,Temperatura mínima (°C),11,6,10,7,8,9,4,8,1,5,-1,-2,3,-1,1,1,3,4,4,7,3,10,,
MALARGÜE,Humedad relativa (%),43,8,50,3,55,4,60,6,63,7,61,9,59,8,53,7,49,2,44,9,40,9,40,
MALARGÜE,Velocidad del Viento (km/h) (2011-2020),10,4,9,7,8,8,8,2,9,4,11,6,11,4,12,6,12,2,11,9,12,1,11,7
MALARGÜE,Nubosidad total (octavos),2,6,2,8,2,9,3,3,4,3,9,3,7,3,6,3,6,3,6,3,1,2,7,
MALARGÜE,Precipitación (mm),22,7,32,4,30,2,30,4,30,4,33,5,24,4,26,9,17,4,24,5,25,9,21,9
MALARGÜE,Frecuencia de días con Precipitación superior a 1.0 mm,3,4,1,3,2,3,1,3,8,4,2,9,3,2,2,9,2,9,2,6,2,8,,
SAN RAFAEL,Temperatura (°C),23,8,22,19,4,14,6,10,7,7,7,6,8,9,1,12,2,16,19,7,22,6,,
SAN RAFAEL,Temperatura máxima (°C),31,8,30,2,27,4,22,6,18,5,16,1,15,4,18,20,5,23,9,27,6,30,7,
SAN RAFAEL,Temperatura mínima (°C),15,8,14,7,12,9,8,6,5,2,1,9,0,8,2,3,4,9,8,2,11,4,14,2
SAN RAFAEL,Humedad relativa (%),50,56,1,61,3,65,7,68,6,63,2,60,4,53,8,52,6,51,3,48,2,46,6,
SAN RAFAEL,Velocidad del Viento (km/h) (2011-2020),10,9,10,1,9,4,8,6,8,7,10,1,10,2,11,2,10,3,10,4,11,1,11,1
SAN RAFAEL,Nubosidad total (octavos),2,5,2,6,2,6,2,9,3,4,3,1,2,9,2,7,2,9,3,2,7,2,4,
SAN RAFAEL,Precipitación (mm),54,2,50,6,40,2,26,6,21,3,7,2,11,1,14,5,21,5,38,3,36,2,41,2
SAN RAFAEL,Frecuencia de días con Precipitación superior a 1.0 mm,5,4,5,1,3,7,3,3,3,1,3,1,7,2,3,2,9,3,9,4,5,4,9,
GENERAL PICO,Temperatura (°C),23,8,22,4,20,2,16,1,12,2,8,9,8,10,4,13,3,16,6,20,3,23,,
GENERAL PICO,Temperatura máxima (°C),30,9,29,6,27,4,23,2,18,8,15,7,15,1,18,1,20,8,23,5,27,4,30,2
GENERAL PICO,Temperatura mínima (°C),17,1,15,9,14,4,10,5,7,1,3,6,2,5,4,6,6,10,2,13,4,15,9,
GENERAL PICO,Humedad relativa (%),63,6,68,2,71,2,72,8,78,76,5,73,4,65,5,63,2,65,4,59,3,59,,
GENERAL PICO,Velocidad del Viento (km/h) (2011-2020),S/D,S/D,S/D,S/D,S/D,S/D,S/D,S/D,S/D,S/D,S/D,S/D,,,,,,,,,,,,
GENERAL PICO,Nubosidad total (octavos),3,1,3,3,1,3,4,3,9,4,3,8,3,4,3,6,3,7,3,3,3,1,,
GENERAL PICO,Precipitación (mm),106,6,105,3,130,6,79,5,33,5,15,9,17,2,23,8,48,8,100,4,103,4,120,2
GENERAL PICO,Frecuencia de días con Precipitación superior a 1.0 mm,7,3,5,9,7,4,5,3,4,2,8,2,7,2,7,4,7,7,8,6,6,7,4,
LABOULAYE,Temperatura (°C),23,2,21,8,19,9,16,1,12,4,9,1,8,1,10,2,13,2,16,6,20,22,4,
LABOULAYE,Temperatura máxima (°C),30,4,29,1,27,3,23,4,19,4,16,3,15,7,18,7,21,3,23,8,27,3,29,9
LABOULAYE,Temperatura mínima (°C),16,9,15,9,14,2,10,8,7,6,4,2,8,3,9,6,6,10,5,13,5,15,8,
LABOULAYE,Humedad relativa (%),69,9,74,3,76,3,76,2,78,4,76,9,72,9,67,1,64,8,68,1,64,5,64,5
LABOULAYE,Velocidad del Viento (km/h) (2011-2020),10,9,8,8,3,8,2,7,6,6,7,8,10,6,12,6,13,6,13,2,12,,,
LABOULAYE,Nubosidad total (octavos),3,3,2,9,3,5,4,3,9,3,8,3,3,3,4,3,7,3,3,3,,,,
LABOULAYE,Precipitación (mm),130,108,4,128,6,88,7,39,13,2,13,5,17,5,48,4,102,3,106,137,4,,,
LABOULAYE,Frecuencia de días con Precipitación superior a 1.0 mm,7,5,6,1,6,9,6,1,3,6,1,9,2,2,4,7,8,7,6,8,,,,
PEHUAJÓ,Temperatura (°C),23,21,6,19,4,15,5,11,9,8,8,7,8,9,9,12,5,15,7,19,21,9,,
PEHUAJÓ,Temperatura máxima (°C),29,8,28,5,26,5,22,3,18,2,14,9,14,2,17,19,3,22,1,25,8,28,8,
PEHUAJÓ,Temperatura mínima (°C),16,2,15,1,13,3,10,7,1,4,3,4,3,6,5,9,9,12,7,14,9,,,
PEHUAJÓ,Humedad relativa (%),68,73,75,8,77,7,81,80,4,78,5,73,8,70,8,72,9,68,5,65,6,,,
PEHUAJÓ,Velocidad del Viento (km/h) (2011-2020),S/D,S/D,S/D,S/D,S/D,S/D,S/D,S/D,S/D,S/D,S/D,S/D,,,,,,,,,,,,
PEHUAJÓ,Nubosidad total (octavos),3,4,3,3,3,3,3,6,4,1,4,2,4,2,3,8,3,8,4,1,3,6,3,3
PEHUAJÓ,Precipitación (mm),116,91,3,128,6,91,2,55,3,25,1,23,8,32,57,3,109,102,1,109,,,,
PEHUAJÓ,Frecuencia de días con Precipitación superior a 1.0 mm,7,5,6,3,7,2,6,4,4,3,3,4,3,3,3,2,4,7,8,1,6,9,7,3
JUNÍN,Temperatura (°C),23,21,6,19,7,16,1,12,7,9,5,8,7,10,7,13,2,16,3,19,6,22,1,
JUNÍN,Temperatura máxima (°C),29,8,28,4,26,9,23,1,19,2,16,15,2,18,1,20,2,22,7,26,5,29,2,
JUNÍN,Temperatura mínima (°C),16,5,15,6,13,8,10,6,7,6,4,4,3,4,4,7,6,9,10,2,12,8,15,1
JUNÍN,Humedad relativa (%),69,6,74,6,75,9,75,8,78,9,78,75,7,70,6,68,3,70,7,65,7,64,5,
JUNÍN,Velocidad del Viento (km/h) (2011-2020),14,4,12,2,12,8,13,6,13,2,13,4,14,4,16,1,16,8,17,2,16,8,15,2
JUNÍN,Nubosidad total (octavos),3,2,3,2,3,1,3,5,3,9,4,4,3,5,3,6,3,9,3,4,3,2,,
JUNÍN,Precipitación (mm),129,2,115,128,3,127,5,75,7,31,4,29,7,40,8,60,3,134,2,112,1,121,,
JUNÍN,Frecuencia de días con Precipitación superior a 1.0 mm,7,1,6,8,7,6,9,4,3,3,1,3,1,3,1,4,5,8,6,6,9,7,6,
NUEVE DE JULIO,Temperatura (°C),23,3,22,1,19,8,15,9,12,5,9,4,8,5,10,6,13,1,16,2,19,4,22,3
NUEVE DE JULIO,Temperatura máxima (°C),30,5,29,1,27,22,8,18,9,15,4,14,6,17,5,19,7,22,5,26,5,29,5,
NUEVE DE JULIO,Temperatura mínima (°C),16,8,16,1,14,2,10,9,8,5,1,4,2,5,5,7,5,10,4,13,1,15,4,
NUEVE DE JULIO,Humedad relativa (%),65,69,9,72,8,75,6,78,9,78,3,76,6,71,67,6,69,8,64,9,62,6,,
NUEVE DE JULIO,Velocidad del Viento (km/h) (2011-2020),9,2,7,9,7,3,7,8,7,4,7,7,8,7,9,8,10,6,9,7,10,5,9,4
NUEVE DE JULIO,Nubosidad total (octavos),3,2,3,2,3,2,3,5,4,4,2,4,1,3,7,3,6,3,8,3,5,3,2,
NUEVE DE JULIO,Precipitación (mm),121,9,103,4,139,4,118,67,4,38,5,37,8,39,9,63,7,114,6,99,6,109,2,
NUEVE DE JULIO,Frecuencia de días con Precipitación superior a 1.0 mm,7,2,6,7,2,6,9,4,8,3,7,3,8,3,2,5,1,8,3,7,4,7,5,
SAN FERNANDO,Temperatura (°C),24,6,23,5,21,5,17,8,14,2,11,2,10,6,12,5,14,5,17,6,20,6,23,
SAN FERNANDO,Temperatura máxima (°C),29,5,28,2,26,2,22,7,18,9,16,2,15,4,17,7,19,3,22,1,25,4,28,3
SAN FERNANDO,Temperatura mínima (°C),19,3,18,7,16,7,13,1,9,8,6,9,6,2,7,8,9,6,12,8,15,3,17,5
SAN FERNANDO,Humedad relativa (%),66,70,7,73,6,76,9,80,3,79,7,78,3,74,4,71,2,70,9,66,6,64,6,
SAN FERNANDO,Velocidad del Viento (km/h) (2011-2020),12,8,11,8,10,6,9,8,9,9,2,9,8,11,12,9,13,3,13,3,12,6,,
SAN FERNANDO,Nubosidad total (octavos),3,3,2,3,3,4,3,8,3,9,4,3,8,3,7,3,8,3,3,2,9,,,
SAN FERNANDO,Precipitación (mm),114,4,122,6,119,2,106,2,81,3,52,5,68,6,70,7,78,6,111,8,113,7,104,3
SAN FERNANDO,Frecuencia de días con Precipitación superior a 1.0 mm,6,9,6,5,6,6,5,5,2,4,2,4,9,5,3,5,6,7,4,6,8,6,6,
LAS FLORES,Temperatura (°C),22,6,21,4,19,4,15,4,12,9,8,1,10,2,12,1,15,4,18,4,21,2,,
LAS FLORES,Temperatura máxima (°C),29,7,28,4,26,2,22,1,18,1,14,7,13,9,16,5,18,4,21,4,25,28,4,
LAS FLORES,Temperatura mínima (°C),15,2,14,7,13,9,7,6,8,4,1,3,2,4,8,6,4,9,4,11,9,14,1,
LAS FLORES,Humedad relativa (%),69,3,73,7,77,4,79,4,82,1,82,2,81,8,79,3,77,5,76,2,72,1,68,5
LAS FLORES,Velocidad del Viento (km/h) (2011-2020),S/D,S/D,S/D,S/D,S/D,S/D,S/D,S/D,S/D,S/D,S/D,S/D,,,,,,,,,,,,
LAS FLORES,Nubosidad total (octavos),3,6,3,5,3,5,3,7,4,3,4,3,4,4,4,1,4,1,4,2,3,8,3,5
LAS FLORES,Precipitación (mm),98,3,104,5,118,8,105,9,61,4,52,5,49,9,57,1,65,4,102,6,92,7,71,6
LAS FLORES,Frecuencia de días con Precipitación superior a 1.0 mm,6,2,6,1,6,4,6,6,4,5,4,1,4,3,4,2,4,8,7,6,9,6,1,
SAN MIGUEL,Temperatura (°C),24,1,22,9,21,17,1,13,6,10,9,10,2,12,2,14,1,17,2,20,3,22,9,
SAN MIGUEL,Temperatura máxima (°C),30,1,28,6,26,9,22,9,19,1,16,1,15,4,17,9,19,6,22,6,25,9,28,9
SAN MIGUEL,Temperatura mínima (°C),18,7,17,9,16,12,3,9,4,6,7,5,9,7,2,9,2,12,2,14,7,17,2,
SAN MIGUEL,Humedad relativa (%),68,2,74,75,8,79,6,82,5,81,9,80,3,75,8,73,4,72,4,69,2,67,,
SAN MIGUEL,Velocidad del Viento (km/h) (2011-2020),S/D,S/D,S/D,S/D,S/D,S/D,S/D,S/D,S/D,S/D,S/D,S/D,,,,,,,,,,,,
SAN MIGUEL,Nubosidad total (octavos),3,5,3,6,3,4,3,8,4,3,4,4,4,2,4,4,1,4,1,3,7,3,5,
SAN MIGUEL,Precipitación (mm),116,2,130,7,95,4,114,3,69,5,49,8,65,5,64,6,S/D,118,6,120,3,100,9,
SAN MIGUEL,Frecuencia de días con Precipitación superior a 1.0 mm,7,3,7,3,6,5,7,9,5,3,4,8,5,7,5,2,S/D,8,1,8,7,5,,
EL PALOMAR,Temperatura (°C),24,1,23,1,21,17,13,4,10,5,9,7,11,8,13,9,16,9,20,22,7,,,
EL PALOMAR,Temperatura máxima (°C),S/D,S/D,S/D,S/D,S/D,S/D,S/D,S/D,S/D,S/D,S/D,S/D,,,,,,,,,,,,
EL PALOMAR,Temperatura mínima (°C),S/D,S/D,S/D,S/D,S/D,S/D,S/D,S/D,S/D,S/D,S/D,S/D,,,,,,,,,,,,
EL PALOMAR,Humedad relativa (%),66,7,71,4,74,7,78,9,82,1,81,1,79,5,75,6,72,5,72,7,68,2,65,5
EL PALOMAR,Velocidad del Viento (km/h) (2011-2020),12,11,1,10,2,9,4,8,7,8,9,9,6,10,8,12,9,12,6,12,3,11,8,
EL PALOMAR,Nubosidad total (octavos),3,2,3,3,3,2,3,6,4,4,2,4,1,3,9,3,8,4,3,5,3,3,,
EL PALOMAR,Precipitación (mm),115,9,112,104,3,112,4,72,9,54,5,S/D,63,9,66,9,116,3,109,104,2,,,
EL PALOMAR,Frecuencia de días con Precipitación superior a 1.0 mm,6,6,6,6,6,8,4,9,4,4,S/D,4,6,5,2,7,3,6,6,6,5,,,
EZEIZA,Temperatura (°C),24,1,23,21,17,1,13,6,10,8,9,8,11,8,13,8,16,8,20,22,7,,,
EZEIZA,Temperatura máxima (°C),30,3,28,8,26,8,22,9,19,15,9,15,17,5,19,3,22,2,25,8,29,,,
EZEIZA,Temperatura mínima (°C),17,9,17,1,15,4,11,8,8,9,6,1,5,2,6,6,8,3,11,2,13,8,16,2
EZEIZA,Humedad relativa (%),65,6,70,6,74,2,77,3,79,7,78,5,77,6,73,8,71,7,71,9,67,64,1,
EZEIZA,Velocidad del Viento (km/h) (2011-2020),13,2,12,2,11,2,10,8,10,10,4,11,1,12,13,5,13,4,13,9,12,7,,
EZEIZA,Nubosidad total (octavos),3,4,3,4,3,4,3,8,4,3,4,5,4,4,4,2,4,1,4,2,3,7,3,4
EZEIZA,Precipitación (mm),99,8,108,5,100,1,100,6,70,3,48,4,56,9,59,3,65,4,106,6,99,5,99,5
EZEIZA,Frecuencia de días con Precipitación superior a 1.0 mm,6,6,6,4,6,6,3,4,9,4,5,4,5,4,6,5,5,7,5,6,5,6,2,
AEROPARQUE,Temperatura (°C),24,5,23,7,22,18,5,15,2,12,3,11,3,12,9,14,7,17,7,20,6,23,2,
AEROPARQUE,Temperatura máxima (°C),28,4,27,3,25,5,22,18,4,15,5,14,4,16,5,18,3,21,1,24,5,27,4,
AEROPARQUE,Temperatura mínima (°C),20,8,20,2,18,8,15,3,12,3,9,4,8,4,9,7,11,5,14,3,16,8,19,2
AEROPARQUE,Humedad relativa (%),67,69,8,71,3,73,6,76,4,76,3,75,5,73,6,71,1,70,6,67,65,1,,
AEROPARQUE,Velocidad del Viento (km/h) (2011-2020),16,8,15,8,14,9,13,9,12,9,12,2,13,2,14,16,6,17,2,17,1,15,9,
AEROPARQUE,Nubosidad total (octavos),3,1,3,2,3,1,3,5,4,4,2,4,1,3,9,3,8,3,9,3,5,3,2,
AEROPARQUE,Precipitación (mm),117,5,112,3,111,8,108,3,83,3,54,6,64,3,61,5,72,6,104,7,103,2,112,8
AEROPARQUE,Frecuencia de días con Precipitación superior a 1.0 mm,6,7,6,5,9,6,6,5,4,5,5,5,5,5,7,5,6,8,6,6,,,,
BUENOS AIRES OBSERVATORIO,Temperatura (°C),24,9,23,8,22,18,2,14,8,12,11,13,14,9,17,9,20,9,23,6,,,,
BUENOS AIRES OBSERVATORIO,Temperatura máxima (°C),30,1,28,9,27,23,2,19,4,16,4,15,5,17,9,19,7,22,6,26,29,,,
BUENOS AIRES OBSERVATORIO,Temperatura mínima (°C),20,2,19,4,17,7,14,1,11,1,8,4,7,5,8,9,10,6,13,4,16,1,18,5
BUENOS AIRES OBSERVATORIO,Humedad relativa (%),64,6,69,1,72,75,6,78,7,78,2,77,72,6,69,5,69,4,65,3,62,8,,
BUENOS AIRES OBSERVATORIO,Velocidad del Viento (km/h) (2011-2020),8,9,8,3,7,6,7,2,7,1,7,2,7,7,8,4,9,2,9,5,9,6,9,1
BUENOS AIRES OBSERVATORIO,Nubosidad total (octavos),3,2,3,2,3,2,3,6,4,1,4,3,4,2,4,3,9,4,3,6,3,2,,
BUENOS AIRES OBSERVATORIO,Precipitación (mm),134,4,129,3,120,130,3,93,5,61,5,74,4,70,3,80,6,122,9,117,6,122,8,
BUENOS AIRES OBSERVATORIO,Frecuencia de días con Precipitación superior a 1.0 mm,7,5,6,8,6,7,7,1,5,2,4,9,5,6,4,9,5,8,7,9,7,2,6,9
LA PLATA,Temperatura (°C),23,1,22,2,20,2,16,4,13,10,1,9,2,11,12,8,15,9,18,8,21,6,,
LA PLATA,Temperatura máxima (°C),28,9,27,8,25,8,22,1,18,2,15,1,14,2,16,4,18,1,21,24,4,27,5,
LA PLATA,Temperatura mínima (°C),17,4,16,9,15,2,11,7,8,7,6,5,2,6,3,7,9,10,7,13,4,15,8,
LA PLATA,Humedad relativa (%),72,2,75,7,79,1,82,2,85,1,84,4,83,7,81,4,79,78,6,74,3,70,8,
LA PLATA,Velocidad del Viento (km/h) (2011-2020),S/D,S/D,S/D,S/D,S/D,S/D,S/D,S/D,S/D,S/D,S/D,S/D,,,,,,,,,,,,
LA PLATA,Nubosidad total (octavos),3,2,3,1,3,1,3,5,4,4,1,4,1,3,9,3,8,3,9,3,5,3,2,
LA PLATA,Precipitación (mm),111,112,8,106,5,98,2,78,58,6,78,7,67,5,71,4,101,95,3,93,7,,,
LA PLATA,Frecuencia de días con Precipitación superior a 1.0 mm,7,1,6,3,6,3,6,6,5,2,5,1,5,4,5,2,5,8,7,4,6,8,6,6
PUNTA INDIO B.A.,Temperatura (°C),23,22,2,20,4,16,7,13,2,10,2,9,2,10,8,12,8,15,9,18,7,21,4,
PUNTA INDIO B.A.,Temperatura máxima (°C),27,9,27,25,2,21,7,18,14,8,13,7,15,8,17,5,20,5,23,5,26,6,,
PUNTA INDIO B.A.,Temperatura mínima (°C),18,3,17,6,16,12,4,9,3,6,3,5,4,6,6,8,5,11,5,14,16,5,,
PUNTA INDIO B.A.,Humedad relativa (%),76,4,79,6,81,7,84,3,86,6,86,8,86,3,84,3,82,6,81,6,78,4,75,3
PUNTA INDIO B.A.,Velocidad del Viento (km/h) (2011-2020),S/D,S/D,S/D,S/D,S/D,S/D,S/D,S/D,S/D,S/D,S/D,S/D,,,,,,,,,,,,
PUNTA INDIO B.A.,Nubosidad total (octavos),3,6,3,5,3,4,3,7,4,2,4,3,4,3,4,1,4,1,4,3,3,8,3,6
PUNTA INDIO B.A.,Precipitación (mm),97,4,116,1,94,8,93,8,67,5,69,3,82,5,68,9,77,2,95,9,94,8,82,3
PUNTA INDIO B.A.,Frecuencia de días con Precipitación superior a 1.0 mm,6,7,6,6,6,9,5,7,5,3,6,1,5,9,6,5,7,4,6,7,6,4,,
SANTA ROSA,Temperatura (°C),23,8,22,2,19,7,15,2,11,3,8,1,7,4,9,6,12,5,15,8,19,6,22,7
SANTA ROSA,Temperatura máxima (°C),31,5,29,9,27,3,22,7,18,2,15,1,14,5,17,6,20,3,23,27,1,30,3,
SANTA ROSA,Temperatura mínima (°C),16,5,15,2,13,4,9,5,6,1,3,2,1,3,5,5,9,9,2,12,4,15,2,
SANTA ROSA,Humedad relativa (%),57,1,62,9,68,4,70,7,75,8,73,6,70,2,62,7,60,62,1,56,5,53,3,
SANTA ROSA,Velocidad del Viento (km/h) (2011-2020),16,8,15,15,1,13,5,12,3,11,8,12,9,14,4,15,9,16,1,16,6,16,4,
SANTA ROSA,Nubosidad total (octavos),3,1,3,3,1,3,6,4,3,4,3,4,2,3,8,3,8,3,9,3,4,3,2,
SANTA ROSA,Precipitación (mm),95,3,88,3,99,63,8,32,1,17,3,18,8,26,9,49,7,90,2,75,9,96,1,
SANTA ROSA,Frecuencia de días con Precipitación superior a 1.0 mm,7,5,9,5,9,4,6,3,1,2,4,2,6,2,3,4,1,6,2,5,7,6,7,
CORONEL SUÁREZ,Temperatura (°C),S/D,S/D,17,7,13,3,9,7,6,8,S/D,7,9,10,3,13,5,16,9,20,2,,,
CORONEL SUÁREZ,Temperatura máxima (°C),29,S/D,25,1,20,6,16,4,13,2,12,5,15,2,17,6,20,3,24,3,27,9,,
CORONEL SUÁREZ,Temperatura mínima (°C),13,8,S/D,11,7,1,4,3,1,4,0,4,1,5,3,5,6,6,9,4,12,1,,
CORONEL SUÁREZ,Humedad relativa (%),S/D,S/D,75,77,1,81,5,80,1,S/D,73,71,5,72,65,6,60,9,,,,,,
CORONEL SUÁREZ,Velocidad del Viento (km/h) (2011-2020),S/D,S/D,S/D,S/D,S/D,S/D,S/D,S/D,S/D,S/D,S/D,S/D,,,,,,,,,,,,
CORONEL SUÁREZ,Nubosidad total (octavos),S/D,S/D,3,5,3,8,4,4,4,4,S/D,4,1,4,4,2,3,8,3,6,,,,
CORONEL SUÁREZ,Precipitación (mm),93,5,S/D,92,3,69,4,45,3,24,1,30,35,2,51,4,94,2,74,83,4,,,
CORONEL SUÁREZ,Frecuencia de días con Precipitación superior a 1.0 mm,6,8,S/D,6,4,5,3,4,1,2,7,3,1,3,4,5,7,6,6,6,8,,,
BOLÍVAR,Temperatura (°C),22,3,21,18,8,14,8,11,4,8,3,7,3,9,4,11,8,15,2,18,4,21,2,
BOLÍVAR,Temperatura máxima (°C),29,6,28,3,26,1,22,17,8,14,6,13,8,16,6,18,8,21,7,25,3,28,6,
BOLÍVAR,Temperatura mínima (°C),15,14,1,12,3,9,2,6,2,3,1,2,3,6,5,6,8,9,11,4,13,7,,
BOLÍVAR,Humedad relativa (%),68,5,73,8,77,2,78,5,81,8,81,2,79,8,75,72,9,73,7,69,66,,,
BOLÍVAR,Velocidad del Viento (km/h) (2011-2020),S/D,S/D,S/D,S/D,S/D,S/D,S/D,S/D,S/D,S/D,S/D,S/D,,,,,,,,,,,,
BOLÍVAR,Nubosidad total (octavos),3,3,3,4,3,3,3,6,4,1,4,2,4,2,3,9,3,9,4,1,3,6,3,3
BOLÍVAR,Precipitación (mm),113,8,106,133,106,7,58,7,37,8,35,4,41,2,68,2,118,9,94,8,103,6,,
BOLÍVAR,Frecuencia de días con Precipitación superior a 1.0 mm,7,6,6,5,6,9,4,6,3,8,3,9,3,5,5,1,8,7,5,7,2,,,
AZUL,Temperatura (°C),21,6,20,3,17,8,14,10,5,7,5,6,9,8,6,10,7,14,17,2,20,3,,
AZUL,Temperatura máxima (°C),29,5,27,9,25,1,21,1,17,1,13,8,13,2,15,6,17,6,20,6,24,4,28,1
AZUL,Temperatura mínima (°C),14,13,3,11,3,7,9,5,2,2,4,1,8,3,4,4,7,6,10,1,12,5,,
AZUL,Humedad relativa (%),65,5,72,1,76,6,77,9,81,4,80,5,79,7,75,3,73,1,74,1,69,5,63,5
AZUL,Velocidad del Viento (km/h) (2011-2020),S/D,S/D,S/D,S/D,S/D,S/D,S/D,S/D,S/D,S/D,S/D,S/D,,,,,,,,,,,,
AZUL,Nubosidad total (octavos),3,3,3,4,3,4,3,5,4,1,4,2,4,2,4,3,9,4,3,6,3,2,,
AZUL,Precipitación (mm),103,8,101,6,113,9,90,6,55,7,37,1,40,8,59,2,67,5,92,97,9,75,4,
AZUL,Frecuencia de días con Precipitación superior a 1.0 mm,6,5,5,8,7,3,6,4,6,3,4,4,3,4,4,9,7,1,6,9,5,9,,
OLAVARRÍA,Temperatura (°C),21,7,20,3,18,1,13,9,10,5,7,5,6,5,8,4,10,7,13,9,17,1,20,3
OLAVARRÍA,Temperatura máxima (°C),29,27,5,25,20,9,16,8,13,5,12,8,15,5,17,5,20,4,24,27,7,,,
OLAVARRÍA,Temperatura mínima (°C),14,1,13,5,11,8,8,3,5,5,2,4,1,6,3,1,4,7,7,6,10,1,12,5
OLAVARRÍA,Humedad relativa (%),65,9,71,3,77,2,78,7,81,9,82,81,3,77,6,76,6,76,3,71,5,64,9,
OLAVARRÍA,Velocidad del Viento (km/h) (2011-2020),S/D,S/D,S/D,S/D,S/D,S/D,S/D,S/D,S/D,S/D,S/D,S/D,,,,,,,,,,,,
OLAVARRÍA,Nubosidad total (octavos),3,7,3,7,3,7,3,8,4,4,4,4,4,5,4,2,4,3,4,4,4,1,3,7
OLAVARRÍA,Precipitación (mm),111,8,98,2,108,1,92,1,56,7,38,5,37,5,50,56,1,91,4,88,9,84,,
OLAVARRÍA,Frecuencia de días con Precipitación superior a 1.0 mm,7,1,6,6,7,6,4,2,3,5,4,3,5,4,7,7,1,7,4,6,,,,
TANDIL,Temperatura (°C),20,8,19,6,17,4,13,5,10,2,7,2,6,2,8,2,10,2,13,3,16,4,19,5
TANDIL,Temperatura máxima (°C),28,4,26,9,24,5,20,5,16,5,13,3,12,5,15,16,9,19,9,23,4,27,,
TANDIL,Temperatura mínima (°C),13,3,12,7,11,7,4,4,8,2,1,1,2,4,3,9,6,8,9,3,11,6,,
TANDIL,Humedad relativa (%),67,72,8,76,9,78,3,81,6,80,5,80,2,75,9,74,4,73,8,69,7,64,6,
TANDIL,Velocidad del Viento (km/h) (2011-2020),14,12,5,11,8,11,7,11,1,11,9,12,8,14,3,14,9,15,2,15,4,15,2,
TANDIL,Nubosidad total (octavos),3,4,3,4,3,5,3,6,4,3,4,4,4,4,4,2,4,2,4,2,3,7,3,3
TANDIL,Precipitación (mm),108,8,98,5,91,6,93,5,56,48,6,41,1,57,5,58,7,85,9,98,4,74,,
TANDIL,Frecuencia de días con Precipitación superior a 1.0 mm,6,8,5,9,6,2,5,6,4,4,3,9,4,2,3,9,5,4,7,7,3,6,1,
DOLORES,Temperatura (°C),21,8,21,19,15,2,11,8,8,8,8,10,11,9,14,9,17,8,20,5,,,,
DOLORES,Temperatura máxima (°C),28,5,27,5,25,6,21,8,17,9,14,5,13,6,15,9,17,7,20,7,24,27,3,
DOLORES,Temperatura mínima (°C),15,4,14,9,13,2,9,9,7,1,4,3,3,8,5,3,6,7,9,7,11,9,13,9
DOLORES,Humedad relativa (%),72,7,76,5,79,5,82,84,7,85,2,84,7,81,8,79,6,78,74,5,71,1,,
DOLORES,Velocidad del Viento (km/h) (2011-2020),S/D,S/D,S/D,S/D,S/D,S/D,S/D,S/D,S/D,S/D,S/D,S/D,,,,,,,,,,,,
DOLORES,Nubosidad total (octavos),3,2,3,1,3,3,3,3,7,4,4,3,8,3,8,4,3,5,3,2,,,,
DOLORES,Precipitación (mm),109,2,94,2,96,3,99,4,58,7,62,1,62,1,73,2,64,3,93,9,91,4,81,8
DOLORES,Frecuencia de días con Precipitación superior a 1.0 mm,6,6,6,5,6,8,6,7,5,1,5,1,5,4,5,5,6,7,4,7,6,5,,
PIGÜÉ,Temperatura (°C),21,5,20,2,17,9,13,5,9,9,7,6,1,8,1,10,4,13,5,17,20,3,,
PIGÜÉ,Temperatura máxima (°C),28,9,27,6,24,8,20,1,15,8,12,7,11,8,14,6,17,19,9,24,27,8,,
PIGÜÉ,Temperatura mínima (°C),14,3,13,3,11,6,8,5,1,2,1,1,2,2,6,4,3,7,3,10,12,7,,
PIGÜÉ,Humedad relativa (%),60,3,65,71,2,73,5,78,9,77,8,76,1,70,68,4,68,3,62,9,57,1,,
PIGÜÉ,Velocidad del Viento (km/h) (2011-2020),S/D,S/D,S/D,S/D,S/D,S/D,S/D,S/D,S/D,S/D,S/D,S/D,,,,,,,,,,,,
PIGÜÉ,Nubosidad total (octavos),3,5,3,4,3,5,3,8,4,6,4,7,4,6,4,3,4,2,4,2,3,8,3,6
PIGÜÉ,Precipitación (mm),81,2,101,2,95,8,72,3,43,1,24,5,31,5,34,4,59,7,94,93,4,87,3,
PIGÜÉ,Frecuencia de días con Precipitación superior a 1.0 mm,6,9,6,6,5,5,4,3,3,3,3,6,3,7,5,4,7,4,7,3,6,8,,
CORONEL PRINGLES,Temperatura (°C),21,5,19,9,17,5,13,2,9,9,7,1,6,2,7,8,10,1,13,4,17,20,2,
CORONEL PRINGLES,Temperatura máxima (°C),29,3,27,5,24,9,20,4,16,4,13,3,12,5,14,9,17,2,20,24,3,28,1,
CORONEL PRINGLES,Temperatura mínima (°C),13,7,13,11,7,3,4,8,1,9,1,1,2,2,3,5,6,8,9,4,12,,,
CORONEL PRINGLES,Humedad relativa (%),61,5,68,7,74,4,76,1,79,5,77,5,76,4,72,9,71,4,71,5,65,6,61,2
CORONEL PRINGLES,Velocidad del Viento (km/h) (2011-2020),10,8,9,3,9,1,8,8,3,10,2,9,7,10,3,10,9,8,10,6,11,5,,
CORONEL PRINGLES,Nubosidad total (octavos),3,3,3,5,3,5,3,7,4,3,4,2,4,3,4,1,4,1,4,2,3,7,3,4
CORONEL PRINGLES,Precipitación (mm),73,9,91,5,81,9,62,9,37,9,22,5,37,38,3,50,6,93,2,82,4,81,2,
CORONEL PRINGLES,Frecuencia de días con Precipitación superior a 1.0 mm,6,4,6,4,6,6,5,6,4,6,3,3,4,1,4,1,5,5,7,6,6,8,6,9
TRES ARROYOS,Temperatura (°C),21,8,20,5,18,4,14,2,10,9,8,1,7,1,8,9,10,8,13,8,17,1,20,3
TRES ARROYOS,Temperatura máxima (°C),29,4,27,9,25,4,20,9,16,8,13,5,12,7,15,2,17,3,20,3,24,1,28,
TRES ARROYOS,Temperatura mínima (°C),15,2,14,6,13,1,9,4,6,8,4,3,1,4,3,5,6,8,3,10,9,13,6,
TRES ARROYOS,Humedad relativa (%),59,6,66,6,71,2,73,3,77,7,76,5,76,71,1,70,7,69,8,63,9,58,1,
TRES ARROYOS,Velocidad del Viento (km/h) (2011-2020),S/D,S/D,S/D,S/D,S/D,S/D,S/D,S/D,S/D,S/D,S/D,S/D,,,,,,,,,,,,
TRES ARROYOS,Nubosidad total (octavos),3,6,3,7,3,7,4,1,4,9,4,9,4,9,4,7,4,7,4,5,4,1,3,8
TRES ARROYOS,Precipitación (mm),79,8,106,5,79,8,73,2,52,1,44,42,7,46,3,56,3,82,1,90,7,78,5,
TRES ARROYOS,Frecuencia de días con Precipitación superior a 1.0 mm,6,9,6,7,6,9,6,5,5,7,4,9,5,2,4,8,5,7,7,3,6,7,7,
MAR DEL PLATA,Temperatura (°C),20,3,19,7,18,1,14,6,11,4,8,5,7,5,9,10,4,13,2,15,9,18,8,
MAR DEL PLATA,Temperatura máxima (°C),26,4,25,5,23,8,20,4,16,9,13,8,12,6,14,7,15,9,18,6,21,7,25,2
MAR DEL PLATA,Temperatura mínima (°C),14,5,14,3,12,9,9,5,6,7,4,3,2,4,2,5,5,8,1,10,3,12,8,
MAR DEL PLATA,Humedad relativa (%),73,9,77,2,79,5,79,9,82,81,6,81,8,79,5,78,6,77,7,75,4,72,7,
MAR DEL PLATA,Velocidad del Viento (km/h) (2011-2020),16,4,14,9,14,2,13,8,12,14,13,9,14,8,15,5,16,1,16,6,17,3,,
MAR DEL PLATA,Nubosidad total (octavos),3,7,3,7,3,8,4,1,4,5,4,6,4,7,4,5,4,4,4,5,4,3,7,
MAR DEL PLATA,Precipitación (mm),91,1,103,6,95,2,97,3,60,66,1,57,8,63,6,63,1,83,1,80,3,84,8,
MAR DEL PLATA,Frecuencia de días con Precipitación superior a 1.0 mm,6,6,6,6,7,7,4,5,7,5,9,6,4,5,8,5,7,7,2,7,7,6,4,
NEUQUÉN,Temperatura (°C),24,1,22,4,19,1,13,7,9,5,6,8,6,8,3,11,7,15,5,19,5,22,6,
NEUQUÉN,Temperatura máxima (°C),32,1,30,6,27,4,21,8,16,6,13,3,13,1,16,1,19,3,22,9,27,1,30,3
NEUQUÉN,Temperatura mínima (°C),15,9,14,4,11,8,7,2,4,1,7,0,5,2,4,8,8,4,11,9,14,6,,
NEUQUÉN,Humedad relativa (%),38,1,45,4,53,6,63,70,2,70,9,68,58,8,51,1,46,5,39,9,37,2,,
NEUQUÉN,Velocidad del Viento (km/h) (2011-2020),12,1,10,4,8,4,7,7,7,8,3,7,9,9,3,10,2,10,9,12,12,8,,
NEUQUÉN,Nubosidad total (octavos),2,3,2,4,2,7,3,4,4,2,4,5,4,2,4,1,3,7,3,7,3,3,2,8
NEUQUÉN,Precipitación (mm),13,5,12,6,14,8,21,9,26,4,17,6,17,9,9,6,16,5,32,9,17,7,10,3
NEUQUÉN,Frecuencia de días con Precipitación superior a 1.0 mm,1,8,1,9,1,6,2,7,4,3,5,2,8,1,9,2,6,2,9,2,2,1,8,
BAHÍA BLANCA,Temperatura (°C),23,6,22,1,19,6,15,1,11,4,8,4,7,6,9,6,11,8,15,18,7,22,,
BAHÍA BLANCA,Temperatura máxima (°C),31,2,29,6,27,22,17,7,14,5,13,9,16,5,18,9,22,1,26,29,7,,,
BAHÍA BLANCA,Temperatura mínima (°C),16,3,15,2,13,4,9,4,6,4,3,5,2,4,4,1,5,6,8,5,11,6,14,5
BAHÍA BLANCA,Humedad relativa (%),53,59,4,65,3,69,9,75,2,73,4,72,3,67,65,2,64,9,58,1,52,,,
BAHÍA BLANCA,Velocidad del Viento (km/h) (2011-2020),21,6,18,6,18,15,9,15,5,17,4,16,6,18,8,18,3,18,3,19,2,20,5,
BAHÍA BLANCA,Nubosidad total (octavos),3,1,2,9,3,1,3,5,4,4,1,4,3,9,3,8,3,8,3,5,3,2,,
BAHÍA BLANCA,Precipitación (mm),66,2,69,4,70,6,53,2,41,5,32,6,32,4,31,7,45,69,5,62,3,64,7,
BAHÍA BLANCA,Frecuencia de días con Precipitación superior a 1.0 mm,5,6,5,2,6,5,1,4,2,4,3,8,3,5,4,5,6,7,5,8,5,3,,
BARILOCHE,Temperatura (°C),15,4,15,12,1,8,1,5,2,3,2,1,3,1,5,2,7,9,10,9,13,5,,
BARILOCHE,Temperatura máxima (°C),23,2,23,1,20,1,15,10,6,7,2,6,7,8,4,11,6,14,7,17,9,20,7,
BARILOCHE,Temperatura mínima (°C),7,6,6,4,9,2,4,1,0,5,-1,6,-1,0,1,1,7,3,9,5,9,,,
BARILOCHE,Humedad relativa (%),51,9,53,3,60,2,68,2,76,79,1,78,74,9,66,9,61,5,56,6,53,6,,
BARILOCHE,Velocidad del Viento (km/h) (2011-2020),22,2,18,9,17,9,16,9,16,1,19,1,17,18,5,19,1,20,5,23,7,24,7,
BARILOCHE,Nubosidad total (octavos),2,8,2,7,3,3,4,4,9,5,4,5,4,9,4,1,4,3,7,3,3,,,
BARILOCHE,Precipitación (mm),23,6,17,5,29,4,57,1,113,7,168,3,126,4,117,3,55,4,48,7,30,1,25,
BARILOCHE,Frecuencia de días con Precipitación superior a 1.0 mm,2,5,2,5,4,1,6,2,10,2,13,3,11,6,11,4,6,5,6,4,3,5,,
MAQUINCHAO,Temperatura (°C),18,6,17,5,14,2,8,9,4,8,1,8,0,6,2,8,5,7,9,6,13,3,16,6
MAQUINCHAO,Temperatura máxima (°C),26,7,25,7,22,3,16,6,11,3,7,1,6,2,9,6,13,1,16,9,20,8,24,4
MAQUINCHAO,Temperatura mínima (°C),9,6,9,1,6,5,2,4,0,6,-2,8,-4,4,-2,8,-1,2,3,5,5,7,9,
MAQUINCHAO,Humedad relativa (%),44,1,47,9,53,4,60,9,68,8,72,4,71,66,4,59,54,1,48,9,46,5,,
MAQUINCHAO,Velocidad del Viento (km/h) (2011-2020),16,3,13,3,11,3,10,6,10,4,12,6,10,9,14,1,13,9,14,6,16,9,18,1
MAQUINCHAO,Nubosidad total (octavos),2,6,2,6,3,3,3,3,8,4,3,7,3,7,3,4,3,6,3,4,3,,,
MAQUINCHAO,Precipitación (mm),13,8,24,6,18,3,23,4,22,7,25,8,S/D,8,9,14,22,9,S/D,10,1,,,
MAQUINCHAO,Frecuencia de días con Precipitación superior a 1.0 mm,1,6,2,1,2,2,9,3,8,5,S/D,2,2,4,3,1,S/D,1,4,,,,,
SAN ANTONIO OESTE,Temperatura (°C),22,8,21,8,19,2,14,3,10,2,7,5,6,6,8,7,11,3,15,2,18,7,21,5
SAN ANTONIO OESTE,Temperatura máxima (°C),30,4,29,2,26,4,21,5,16,9,13,8,13,4,15,8,18,1,22,25,9,28,9,
SAN ANTONIO OESTE,Temperatura mínima (°C),15,7,14,6,12,3,7,8,4,6,2,1,1,2,5,4,3,7,7,11,1,13,8,
SAN ANTONIO OESTE,Humedad relativa (%),47,1,51,2,54,9,59,7,67,5,67,65,9,59,4,56,5,51,5,48,45,5,,
SAN ANTONIO OESTE,Velocidad del Viento (km/h) (2011-2020),S/D,S/D,S/D,S/D,S/D,S/D,S/D,S/D,S/D,S/D,S/D,S/D,,,,,,,,,,,,
SAN ANTONIO OESTE,Nubosidad total (octavos),2,8,2,8,3,1,3,3,3,9,4,1,3,8,3,9,3,7,3,7,3,6,3,3
SAN ANTONIO OESTE,Precipitación (mm),19,4,27,3,33,4,37,6,28,4,25,7,20,9,16,6,17,9,27,8,19,19,4,
SAN ANTONIO OESTE,Frecuencia de días con Precipitación superior a 1.0 mm,2,7,2,9,2,9,2,9,3,6,3,2,2,7,2,2,3,3,4,3,1,2,3,
VIEDMA,Temperatura (°C),22,1,21,18,6,14,10,3,7,5,6,7,8,4,10,6,14,2,17,8,20,6,,
VIEDMA,Temperatura máxima (°C),29,7,28,5,25,9,21,2,16,7,13,5,13,1,15,4,17,7,21,4,25,1,28,2
VIEDMA,Temperatura mínima (°C),14,7,14,12,1,7,9,4,9,2,4,1,4,2,5,4,7,10,3,12,9,,,
VIEDMA,Humedad relativa (%),51,56,9,62,8,67,3,73,8,73,4,71,6,66,4,64,1,58,7,52,9,49,4,
VIEDMA,Velocidad del Viento (km/h) (2011-2020),S/D,S/D,S/D,S/D,S/D,S/D,S/D,S/D,S/D,S/D,S/D,S/D,,,,,,,,,,,,
VIEDMA,Nubosidad total (octavos),2,8,2,9,3,1,3,5,4,2,4,3,4,1,4,1,3,9,3,7,3,5,3,2
VIEDMA,Precipitación (mm),30,8,40,3,53,37,7,31,8,26,8,29,7,24,7,24,3,32,4,28,4,23,2,
VIEDMA,Frecuencia de días con Precipitación superior a 1.0 mm,3,2,3,8,4,5,4,2,4,1,3,9,4,3,4,3,8,3,9,3,9,3,3,
EL BOLSÓN,Temperatura (°C),17,4,16,3,12,9,9,3,6,4,4,2,3,6,4,9,7,1,10,3,13,1,16,3
EL BOLSÓN,Temperatura máxima (°C),25,7,25,7,22,2,16,9,12,3,9,8,8,11,14,5,17,7,20,5,23,7,,
EL BOLSÓN,Temperatura mínima (°C),7,9,7,7,5,8,3,5,1,8,0,3,0,4,0,5,1,2,3,3,5,6,8,
EL BOLSÓN,Humedad relativa (%),59,3,65,1,71,4,78,3,82,3,83,3,83,8,79,8,72,8,67,6,62,8,59,2
EL BOLSÓN,Velocidad del Viento (km/h) (2011-2020),5,9,5,8,4,5,3,9,4,9,5,8,5,6,1,5,6,7,6,7,7,7,1,
EL BOLSÓN,Nubosidad total (octavos),3,3,3,1,3,7,4,2,5,5,6,5,3,5,2,4,5,4,4,4,3,3,8,
EL BOLSÓN,Precipitación (mm),34,7,30,8,33,1,73,7,109,7,173,1,130,9,135,2,55,3,51,3,44,4,33,4
EL BOLSÓN,Frecuencia de días con Precipitación superior a 1.0 mm,3,8,4,5,1,7,5,10,8,13,6,12,6,12,9,7,3,6,9,5,8,4,2,
ESQUEL,Temperatura (°C),15,4,15,1,12,4,8,4,5,2,2,6,1,7,3,4,5,6,8,4,11,3,13,7
ESQUEL,Temperatura máxima (°C),22,22,3,19,2,14,7,10,5,7,6,2,8,7,11,9,14,6,17,6,20,1,,
ESQUEL,Temperatura mínima (°C),8,6,8,1,5,8,2,9,0,8,-1,4,-2,4,-1,1,0,2,2,3,4,9,7,3
ESQUEL,Humedad relativa (%),47,4,49,9,56,63,72,1,75,4,75,3,70,1,61,7,55,49,9,47,5,,,
ESQUEL,Velocidad del Viento (km/h) (2011-2020),19,9,16,3,14,4,13,5,12,6,14,12,5,14,14,4,16,4,19,8,21,,,
ESQUEL,Nubosidad total (octavos),3,2,3,1,3,5,3,7,4,4,4,6,4,4,4,3,3,9,3,9,3,8,3,6
ESQUEL,Precipitación (mm),22,1,20,8,23,5,41,1,64,5,81,1,64,5,55,3,29,4,28,7,21,3,20,3
ESQUEL,Frecuencia de días con Precipitación superior a 1.0 mm,3,2,3,3,3,6,5,5,7,4,8,8,7,8,8,4,5,1,4,5,3,6,2,7
TRELEW,Temperatura (°C),21,6,20,2,17,9,13,5,9,5,6,4,5,9,8,10,4,14,1,17,4,20,,
TRELEW,Temperatura máxima (°C),29,3,28,25,4,21,16,1,12,6,12,4,15,17,6,21,2,24,8,27,5,,,
TRELEW,Temperatura mínima (°C),13,7,12,6,10,8,7,3,6,1,0,3,1,9,3,7,6,6,9,6,12,,,
TRELEW,Humedad relativa (%),42,1,49,8,52,9,56,9,65,67,5,66,3,59,7,56,49,7,44,4,41,4,,
TRELEW,Velocidad del Viento (km/h) (2011-2020),21,3,18,5,16,2,15,1,14,3,15,1,14,8,16,6,17,17,8,19,8,20,6,
TRELEW,Nubosidad total (octavos),3,3,3,2,3,4,3,5,4,3,9,3,8,4,3,9,3,9,3,8,3,6,,
TRELEW,Precipitación (mm),11,9,23,5,21,23,3,22,6,25,4,17,4,14,1,14,7,18,1,12,9,13,2,
TRELEW,Frecuencia de días con Precipitación superior a 1.0 mm,2,2,2,7,3,1,2,4,3,7,3,9,3,2,3,9,3,4,3,1,2,5,2,2
PERITO MORENO,Temperatura (°C),15,4,15,12,2,8,6,5,1,2,3,1,7,3,6,6,1,9,2,11,8,14,1,
PERITO MORENO,Temperatura máxima (°C),21,5,21,3,18,2,14,4,9,9,S/D,6,4,8,8,11,7,15,17,6,19,6,,
PERITO MORENO,Temperatura mínima (°C),9,5,9,6,8,3,6,0,6,-2,2,-2,8,0,9,0,9,3,4,6,1,8,2,
PERITO MORENO,Humedad relativa (%),47,6,50,7,56,8,64,4,73,4,76,8,S/D,70,4,63,53,5,50,5,47,1,,
PERITO MORENO,Velocidad del Viento (km/h) (2011-2020),35,4,30,26,8,23,8,19,9,21,6,20,22,4,24,4,28,1,34,1,36,5,,
PERITO MORENO,Nubosidad total (octavos),3,8,3,9,3,8,3,8,4,4,4,3,4,2,4,4,3,9,4,1,4,2,,
PERITO MORENO,Precipitación (mm),S/D,S/D,S/D,S/D,S/D,S/D,S/D,S/D,S/D,S/D,S/D,S/D,,,,,,,,,,,,
PERITO MORENO,Frecuencia de días con Precipitación superior a 1.0 mm,S/D,S/D,S/D,S/D,S/D,S/D,S/D,S/D,S/D,S/D,S/D,S/D,,,,,,,,,,,,
COMODORO RIVADAVIA,Temperatura (°C),19,8,18,8,16,5,13,3,10,7,3,6,7,8,2,10,2,13,1,15,9,18,3,
COMODORO RIVADAVIA,Temperatura máxima (°C),26,3,25,1,22,7,18,8,14,6,11,3,11,13,1,15,6,18,9,22,2,24,7,
COMODORO RIVADAVIA,Temperatura mínima (°C),13,5,12,8,11,8,5,5,7,3,3,2,7,3,9,5,2,7,4,9,9,12,2,
COMODORO RIVADAVIA,Humedad relativa (%),39,44,8,48,4,51,57,8,59,57,9,54,3,51,8,46,3,41,9,39,8,,,
COMODORO RIVADAVIA,Velocidad del Viento (km/h) (2011-2020),23,2,20,4,18,1,18,5,18,20,6,18,6,20,19,3,19,5,22,6,24,4,,
COMODORO RIVADAVIA,Nubosidad total (octavos),4,2,4,2,4,2,4,1,4,5,4,5,4,4,4,5,4,5,4,5,4,5,4,5
COMODORO RIVADAVIA,Precipitación (mm),10,7,17,3,27,7,31,8,33,5,37,2,21,4,19,3,19,8,12,6,14,3,12,5
COMODORO RIVADAVIA,Frecuencia de días con Precipitación superior a 1.0 mm,1,6,2,3,3,2,6,3,8,4,2,3,3,3,3,3,6,2,5,2,4,2,1,
GOBERNADOR GREGORES,Temperatura (°C),15,3,15,2,12,5,9,1,5,3,1,9,S/D,S/D,6,6,9,5,12,3,14,3,,
GOBERNADOR GREGORES,Temperatura máxima (°C),22,6,22,5,18,9,14,9,10,1,5,9,5,7,8,4,12,2,16,19,21,,,
GOBERNADOR GREGORES,Temperatura mínima (°C),9,2,8,9,7,1,4,1,1,1,-2,-2,4,0,7,1,5,3,8,6,4,8,2,
GOBERNADOR GREGORES,Humedad relativa (%),43,7,47,6,52,4,57,1,66,3,71,S/D,S/D,55,6,49,9,44,7,43,9,,,
GOBERNADOR GREGORES,Velocidad del Viento (km/h) (2011-2020),S/D,S/D,S/D,S/D,S/D,S/D,S/D,S/D,S/D,S/D,S/D,S/D,,,,,,,,,,,,
GOBERNADOR GREGORES,Nubosidad total (octavos),4,3,8,3,7,3,5,3,6,3,6,S/D,S/D,3,8,3,8,3,9,4,2,,,
GOBERNADOR GREGORES,Precipitación (mm),8,4,12,7,13,6,11,2,10,1,16,2,8,6,10,1,8,1,9,9,3,8,1,
GOBERNADOR GREGORES,Frecuencia de días con Precipitación superior a 1.0 mm,1,8,2,8,2,7,2,5,2,3,3,8,2,7,2,5,2,6,2,2,2,2,3,
PUERTO DESEADO,Temperatura (°C),16,4,15,6,13,8,10,5,7,2,4,3,3,5,5,2,7,3,10,3,13,1,15,1
PUERTO DESEADO,Temperatura máxima (°C),23,4,22,3,20,2,16,2,11,7,8,7,6,10,2,13,1,16,6,19,7,21,6,
PUERTO DESEADO,Temperatura mínima (°C),10,5,10,2,8,6,5,8,3,2,0,8,0,1,1,2,2,6,5,7,3,9,4,
PUERTO DESEADO,Humedad relativa (%),54,7,59,5,62,9,65,70,5,75,1,74,6,69,6,66,4,60,4,55,5,55,6,
PUERTO DESEADO,Velocidad del Viento (km/h) (2011-2020),S/D,S/D,S/D,S/D,S/D,S/D,S/D,S/D,S/D,S/D,S/D,S/D,,,,,,,,,,,,
PUERTO DESEADO,Nubosidad total (octavos),4,3,4,3,4,3,8,4,1,4,2,4,1,4,2,4,2,4,4,4,6,4,6,
PUERTO DESEADO,Precipitación (mm),S/D,S/D,S/D,S/D,S/D,S/D,S/D,S/D,S/D,S/D,S/D,S/D,,,,,,,,,,,,
PUERTO DESEADO,Frecuencia de días con Precipitación superior a 1.0 mm,S/D,S/D,S/D,S/D,S/D,S/D,S/D,S/D,S/D,S/D,S/D,S/D,,,,,,,,,,,,
EL CALAFATE,Temperatura (°C),13,9,13,6,10,9,7,1,3,4,1,0,6,2,5,2,8,10,7,12,8,,,
EL CALAFATE,Temperatura máxima (°C),19,1,19,2,16,6,12,9,8,7,5,5,5,2,6,9,11,1,13,5,15,8,17,9
EL CALAFATE,Temperatura mínima (°C),7,2,6,8,4,7,1,1,-1,7,-3,7,-4,4,-2,8,0,8,1,3,4,6,2,
EL CALAFATE,Humedad relativa (%),46,6,51,3,58,3,66,1,75,1,78,4,78,3,75,3,64,54,9,49,9,48,1,
EL CALAFATE,Velocidad del Viento (km/h) (2011-2020),23,2,20,6,18,1,15,6,11,8,12,9,11,7,13,6,16,18,9,23,9,24,4,
EL CALAFATE,Nubosidad total (octavos),4,6,4,4,4,5,4,3,4,5,4,6,4,5,4,4,4,3,4,4,4,5,4,8
EL CALAFATE,Precipitación (mm),6,9,13,7,16,7,19,5,20,3,14,6,13,6,14,2,11,4,13,5,6,9,9,5
EL CALAFATE,Frecuencia de días con Precipitación superior a 1.0 mm,1,4,2,3,2,6,3,3,3,8,3,6,3,3,4,2,4,2,1,1,5,2,,
SAN JULIÁN,Temperatura (°C),16,1,15,3,13,2,10,6,5,3,6,3,3,4,8,7,4,10,2,13,14,7,,
SAN JULIÁN,Temperatura máxima (°C),22,9,22,3,19,9,16,1,11,3,7,5,7,4,10,13,4,16,7,19,6,21,4,
SAN JULIÁN,Temperatura mínima (°C),9,4,8,9,7,4,4,9,2,1,0,1,0,5,0,6,2,3,4,2,6,5,8,3
SAN JULIÁN,Humedad relativa (%),51,5,56,7,59,3,62,5,69,5,74,5,74,4,69,6,64,57,52,52,5,,,
SAN JULIÁN,Velocidad del Viento (km/h) (2011-2020),27,6,25,4,23,9,24,22,7,25,6,23,9,25,6,26,2,26,7,29,8,29,2,
SAN JULIÁN,Nubosidad total (octavos),4,4,4,1,3,9,3,8,3,8,3,8,3,8,3,9,4,1,4,1,4,5,4,7
SAN JULIÁN,Precipitación (mm),16,5,25,7,25,6,16,1,24,8,30,6,25,6,18,7,16,9,17,6,15,5,24,6
SAN JULIÁN,Frecuencia de días con Precipitación superior a 1.0 mm,3,2,4,1,3,8,3,1,4,2,4,6,4,3,7,3,4,3,5,3,6,4,4,
RÍO GALLEGOS,Temperatura (°C),13,6,13,10,8,7,6,4,4,1,6,1,5,3,1,5,6,8,3,10,9,12,6,
RÍO GALLEGOS,Temperatura máxima (°C),20,19,5,17,1,13,4,8,8,5,2,5,1,7,5,11,3,14,8,17,1,18,6,
RÍO GALLEGOS,Temperatura mínima (°C),7,4,6,9,5,4,2,7,0,2,-2,1,-2,3,0,8,0,8,2,3,4,5,6,5
RÍO GALLEGOS,Humedad relativa (%),51,9,56,3,62,4,68,6,75,1,79,77,7,73,4,66,1,56,9,52,6,52,5,
RÍO GALLEGOS,Velocidad del Viento (km/h) (2011-2020),26,2,23,5,21,6,20,5,18,3,19,6,18,8,20,4,21,23,7,27,8,27,1,
RÍO GALLEGOS,Nubosidad total (octavos),5,4,5,1,4,9,4,7,4,4,4,3,4,4,4,5,4,7,4,8,5,2,5,5
RÍO GALLEGOS,Precipitación (mm),26,9,29,5,28,6,24,6,24,3,20,9,19,8,18,7,14,6,14,5,22,32,2,
RÍO GALLEGOS,Frecuencia de días con Precipitación superior a 1.0 mm,5,6,4,9,5,6,4,9,4,3,4,5,4,7,3,8,3,3,2,8,4,6,4,
RÍO GRANDE B.A.,Temperatura (°C),11,10,4,8,4,5,7,2,9,0,3,0,1,1,6,3,6,6,2,8,5,10,,
RÍO GRANDE B.A.,Temperatura máxima (°C),16,15,7,13,6,10,6,6,8,3,4,3,2,5,4,8,2,11,4,13,4,14,9,
RÍO GRANDE B.A.,Temperatura mínima (°C),5,9,5,5,4,1,1,8,0,5,-2,8,-3,-1,4,0,1,1,6,3,5,4,9,
RÍO GRANDE B.A.,Humedad relativa (%),74,3,76,4,80,3,84,87,5,89,1,88,6,86,3,82,3,76,5,73,5,73,4,
RÍO GRANDE B.A.,Velocidad del Viento (km/h) (2011-2020),28,7,25,6,24,1,20,7,18,4,19,5,18,6,20,4,22,26,8,29,9,28,6,
RÍO GRANDE B.A.,Nubosidad total (octavos),5,4,5,1,4,9,4,7,4,3,4,4,2,4,3,4,6,4,8,5,2,5,4,
RÍO GRANDE B.A.,Precipitación (mm),37,2,31,4,28,6,30,1,28,8,26,26,1,21,8,17,5,16,23,6,38,4,,
RÍO GRANDE B.A.,Frecuencia de días con Precipitación superior a 1.0 mm,7,3,6,6,5,6,5,5,7,5,3,5,9,5,1,4,6,3,7,4,7,7,8,
USHUAIA,Temperatura (°C),9,5,9,4,8,4,6,2,4,3,2,5,2,3,2,9,4,3,6,2,7,4,8,6
USHUAIA,Temperatura máxima (°C),13,6,13,6,12,2,9,4,6,9,4,5,4,6,5,7,7,6,10,1,11,5,12,5
USHUAIA,Temperatura mínima (°C),S/D,S/D,S/D,S/D,S/D,S/D,0,2,S/D,S/D,S/D,S/D,S/D,,,,,,,,,,,
USHUAIA,Humedad relativa (%),71,1,73,74,2,77,1,78,5,81,79,5,77,74,5,70,1,70,7,70,8,,,
USHUAIA,Velocidad del Viento (km/h) (2011-2020),27,4,23,7,21,2,21,4,18,6,19,5,20,20,22,24,9,27,3,26,,,,
USHUAIA,Nubosidad total (octavos),5,9,5,6,5,5,5,3,4,8,5,5,5,1,5,2,5,3,5,7,5,9,,
USHUAIA,Precipitación (mm),45,1,34,6,38,3,47,35,3,42,5,35,8,38,4,30,5,28,4,38,9,43,,
USHUAIA,Frecuencia de días con Precipitación superior a 1.0 mm,8,6,7,5,7,9,9,2,7,8,9,3,8,1,8,6,7,4,6,9,8,6,9,2
BASE ESPERANZA,Temperatura (°C),1,5,0,9,-2,-5,5,-7,4,-10,4,-10,8,-9,5,-6,9,-4,1,0,9,0,8,
BASE ESPERANZA,Temperatura máxima (°C),4,3,3,9,1,4,-1,7,-3,2,-6,2,-6,4,-5,1,-2,6,0,2,2,3,3,8
BASE ESPERANZA,Temperatura mínima (°C),-1,2,-2,-5,2,-8,9,-11,2,-14,1,-15,-13,7,-10,9,-7,8,-3,9,-1,8,,
BASE ESPERANZA,Humedad relativa (%),80,1,79,5,S/D,S/D,S/D,S/D,S/D,S/D,S/D,S/D,S/D,79,4,,,,,,,,,
BASE ESPERANZA,Velocidad del Viento (km/h) (2011-2020),S/D,S/D,S/D,S/D,S/D,S/D,S/D,S/D,S/D,S/D,S/D,S/D,,,,,,,,,,,,
BASE ESPERANZA,Nubosidad total (octavos),6,3,6,5,9,5,7,5,4,5,3,5,1,5,3,5,5,5,8,6,6,,,
BASE ESPERANZA,Precipitación (mm),S/D,S/D,S/D,S/D,S/D,S/D,S/D,S/D,S/D,S/D,S/D,S/D,,,,,,,,,,,,
BASE ESPERANZA,Frecuencia de días con Precipitación superior a 1.0 mm,S/D,S/D,S/D,S/D,S/D,S/D,S/D,S/D,S/D,S/D,S/D,S/D,,,,,,,,,,,,
BASE ORCADAS,Temperatura (°C),1,3,1,4,0,3,-1,8,-5,-7,5,-9,4,-8,1,-5,6,-2,7,0,6,0,5,
BASE ORCADAS,Temperatura máxima (°C),3,6,3,4,2,4,0,4,-2,-3,9,-5,3,-4,1,-2,0,6,2,5,3,,,
BASE ORCADAS,Temperatura mínima (°C),0,7,0,4,-1,6,-4,1,-8,1,-11,3,-14,1,-12,4,-9,8,-6,-3,2,-1,7,
BASE ORCADAS,Humedad relativa (%),87,1,87,2,88,S/D,S/D,S/D,S/D,S/D,S/D,S/D,S/D,86,5,,,,,,,,,
BASE ORCADAS,Velocidad del Viento (km/h) (2011-2020),19,2,23,23,4,23,5,21,5,20,4,21,6,22,9,23,9,21,6,20,6,18,3,
BASE ORCADAS,Nubosidad total (octavos),7,5,7,4,7,2,7,2,6,8,6,6,6,2,6,3,6,6,7,1,7,2,7,3
BASE ORCADAS,Precipitación (mm),S/D,S/D,S/D,S/D,S/D,S/D,S/D,S/D,S/D,S/D,S/D,S/D,,,,,,,,,,,,
BASE ORCADAS,Frecuencia de días con Precipitación superior a 1.0 mm,S/D,S/D,S/D,S/D,S/D,S/D,S/D,S/D,S/D,S/D,S/D,S/D,,,,,,,,,,,,
BASE BELGRANO II,Temperatura (°C),-2,6,-7,1,-12,3,-16,4,-17,5,-18,9,-20,9,-20,7,-18,4,-14,1,-7,-2,7,
BASE BELGRANO II,Temperatura máxima (°C),0,7,-3,5,-9,1,-13,2,-14,1,-15,7,-17,5,-17,1,-14,9,-10,2,-3,2,0,8
BASE BELGRANO II,Temperatura mínima (°C),-6,1,-11,1,-16,5,-20,5,-21,6,-23,-25,-24,9,-22,8,-18,8,-11,5,-6,8,,
BASE BELGRANO II,Humedad relativa (%),S/D,S/D,S/D,S/D,S/D,S/D,S/D,S/D,S/D,S/D,S/D,S/D,,,,,,,,,,,,
BASE BELGRANO II,Velocidad del Viento (km/h) (2011-2020),S/D,S/D,S/D,S/D,S/D,S/D,S/D,S/D,S/D,S/D,S/D,S/D,,,,,,,,,,,,
BASE BELGRANO II,Nubosidad total (octavos),5,4,5,4,8,4,4,4,3,9,4,1,4,3,4,7,4,8,5,4,9,,,
BASE BELGRANO II,Precipitación (mm),S/D,S/D,S/D,S/D,S/D,S/D,S/D,S/D,S/D,S/D,S/D,S/D,,,,,,,,,,,,
BASE BELGRANO II,Frecuencia de días con Precipitación superior a 1.0 mm,S/D,S/D,S/D,S/D,S/D,S/D,S/D,S/D,S/D,S/D,S/D,S/D,,,,,,,,,,,,
BASE CARLINI (EX JÚBANY),Temperatura (°C),2,2,2,0,9,-1,2,-2,8,-5,2,-5,8,-5,3,-3,7,-1,9,0,2,1,2,
BASE CARLINI (EX JÚBANY),Temperatura máxima (°C),4,3,3,9,2,9,0,9,0,4,-2,5,-3,-2,6,-1,2,0,2,1,7,3,2,
BASE CARLINI (EX JÚBANY),Temperatura mínima (°C),0,4,0,2,-1,2,-3,4,-5,3,-8,1,-9,-8,3,-6,5,-4,2,-2,2,0,6,
BASE CARLINI (EX JÚBANY),Humedad relativa (%),84,9,85,4,86,8,S/D,S/D,S/D,S/D,S/D,S/D,S/D,87,6,84,7,,,,,,,
BASE CARLINI (EX JÚBANY),Velocidad del Viento (km/h) (2011-2020),S/D,S/D,S/D,S/D,S/D,S/D,S/D,S/D,S/D,S/D,S/D,S/D,,,,,,,,,,,,
BASE CARLINI (EX JÚBANY),Nubosidad total (octavos),7,1,7,6,9,6,8,6,5,6,4,6,4,6,6,6,7,6,9,7,7,,,
BASE CARLINI (EX JÚBANY),Precipitación (mm),S/D,S/D,S/D,S/D,S/D,S/D,S/D,S/D,S/D,S/D,S/D,S/D,,,,,,,,,,,,
BASE CARLINI (EX JÚBANY),Frecuencia de días con Precipitación superior a 1.0 mm,S/D,S/D,S/D,S/D,S/D,S/D,S/D,S/D,S/D,S/D,S/D,S/D,,,,,,,,,,,,
BASE MARAMBIO,Temperatura (°C),0,8,-1,8,-5,5,-10,-11,9,-14,9,-14,9,-13,8,-10,6,-7,3,-3,4,-1,3,
BASE MARAMBIO,Temperatura máxima (°C),1,7,1,-2,1,-6,1,-7,4,-10,7,-10,3,-9,3,-6,1,-3,6,0,4,1,3,
BASE MARAMBIO,Temperatura mínima (°C),-3,-4,2,-8,6,-13,7,-16,1,-18,7,-19,3,-18,1,-14,8,-11,-6,2,-3,7,,
BASE MARAMBIO,Humedad relativa (%),90,2,S/D,S/D,S/D,S/D,S/D,S/D,S/D,S/D,S/D,S/D,88,4,,,,,,,,,,
BASE MARAMBIO,Velocidad del Viento (km/h) (2011-2020),S/D,S/D,S/D,S/D,S/D,S/D,S/D,S/D,S/D,S/D,S/D,S/D,,,,,,,,,,,,
BASE MARAMBIO,Nubosidad total (octavos),6,6,6,4,6,1,5,7,5,5,1,4,8,5,5,3,5,7,6,2,6,3,,
BASE MARAMBIO,Precipitación (mm),S/D,S/D,S/D,S/D,S/D,S/D,S/D,S/D,S/D,S/D,S/D,S/D,,,,,,,,,,,,
BASE MARAMBIO,Frecuencia de días con Precipitación superior a 1.0 mm,S/D,S/D,S/D,S/D,S/D,S/D,S/D,S/D,S/D,S/D,S/D,S/D,,,,,,,,,,,,
BASE SAN MARTÍN,Temperatura (°C),1,9,1,0,8,-2,9,-4,8,-8,9,-11,5,-11,2,-9,-5,3,-1,8,0,8,,
BASE SAN MARTÍN,Temperatura máxima (°C),4,5,3,5,1,7,0,5,-2,-5,5,-7,3,-6,7,-4,8,-1,6,1,5,3,5,
BASE SAN MARTÍN,Temperatura mínima (°C),0,5,-1,3,-3,5,-5,5,-7,8,-13,-16,1,-16,3,-14,1,-9,6,-5,4,-2,,
BASE SAN MARTÍN,Humedad relativa (%),71,2,74,6,S/D,S/D,S/D,S/D,S/D,S/D,S/D,S/D,S/D,73,2,,,,,,,,,
BASE SAN MARTÍN,Velocidad del Viento (km/h) (2011-2020),S/D,S/D,S/D,S/D,S/D,S/D,S/D,S/D,S/D,S/D,S/D,S/D,,,,,,,,,,,,
BASE SAN MARTÍN,Nubosidad total (octavos),6,3,6,5,6,4,6,1,5,9,5,2,5,4,5,8,6,2,6,5,6,3,6,2
BASE SAN MARTÍN,Precipitación (mm),S/D,S/D,S/D,S/D,S/D,S/D,S/D,S/D,S/D,S/D,S/D,S/D,,,,,,,,,,,,
BASE SAN MARTÍN,Frecuencia de días con Precipitación superior a 1.0 mm,S/D,S/D,S/D,S/D,S/D,S/D,S/D,S/D,S/D,S/D,S/D,S/D,,,,,,,,,,,,
